FALSE,25 Toa Payoh Lorong 8,1.33904,103.85759,Daily: $1.30 / 30 Mins,-,-,-,2.6,,2.6,,2.6,,END
FALSE,45 Burghley Drive,1.35836,103.86255,$0.018 /min,$0.018 /min,$0.018 /min,$0.018 /min,1.08,,1.08,,1.08,,END
FALSE,Ang Mo Kio Hub,1.369017,103.848122,Mon-Fri: $1.20 for 1st hr; $0.60 for sub. ½ hr or part thereof.,-,Sat. Sun / Ph: $1.30 for 1st hr; $0.65 for sub. ½ hr or part thereof.,Same as Saturday,1.2,,1.3,,1.3,,END
FALSE,Balestier Plaza,1.32607,103.84885,Daily: $1.12 per hr,-,-,-,1.12,,1.12,,1.12,,END
FALSE,Balestier Point,1.3258,103.84917,8am-10pm: $1.20 per hr,Aft 10pm: $2 per entry,Same as wkdays,$2 per entry,,0800-2200: 1.2; 2201-0759: 2,,0800-2200: 1.2; 2201-0759: 2,2,,END
FALSE,Bras Basah Complex,1.29741,103.8536,7am-5pm: $1 for ½ hr,5pm-1am: $0.50 for ½ hr,Same as wkdays,7am-1am: $0.50 for ½ hr,,0700-1700: 2; 1701-0100: 1,,0700-1700: 2; 1701-0100: 1,,0700-0100: 1,END
FALSE,Causeway Point,1.4381,103.785492,7am-10.30pm: $1.20 for 1st hr or part thereof; $0.60 for sub.½ hr or part thereof.,7am-10.30pm: $1.20 for 1st hr or part thereof; $0.60 for sub. ½ hr or part thereof.,7am-12 midnight: $1.20 for 1st hr or part thereof; $0.60 for sub. ½ hr or part thereof.,Same as Saturday,,0700-2230: 1.20; ,,0700-0000: 1.2,,0700-0000: 1.2,END
FALSE,Central Place,1.377,103.88082,$1.80 for 1st hr; $0.85 for ½ hr,$1.80 for 1st hr; $0.85 for ½ hr,$1.80 for 1st hr; $0.85 for ½ hr,$2.50 per entry,1.8,,1.8,,2.5,,END
FALSE,City Square Mall,1.31054,103.856552,7am-6pm: $1.20 for 1st hr; $0.60 for sub. 30 mins or part thereof.,6pm-3.30am: $3 per entry.,7am-6pm: $1.40 for 1st hr; $0.70 for sub. 30 mins; 6pm-3.30am: $3.50 per entry.,Same as Saturday,,0700-1800: 1.2; 1801-0330: 3,,0700-1800: 1.4; 1801-0330: 3.5 ,,0700-1800: 1.4; 1801-0330: 3.5 ,END
FALSE,Compass Point,1.39064,103.89498,Daily(7am-11pm): $1.20 for 1st hr or part thereof; $0.60 for sub. ½ hr or part thereof.,-,-,-,,0700-2300: 1.2,,0700-2300: 1.2,,0700-2300: 1.2,END
FALSE,Goldhill Plaza,1.31835,103.8431,7am-5.30pm: $1.60 for 1st hr; $1 for sub. ½ hr,5.30pm-12am: $2 per entry,7am-5.30pm: $1 per hr; Aft 5.30pm: $2 per entry,Same as Saturday,,0700-1730: 1.6; 1731-0000: 2,,0700-1730: 1; 1730-0659: 2,,0700-1730: 1; 1730-0659: 2,END
FALSE,Heartland Mall,1.35873,103.885872,7am-10.30pm: $1 per hr,Aft 10.30pm: $2 per hr,Same as wkdays,Same as wkdays,,0700-2230: 1; 2230-0659: 2,,Same as wkdays,,Same as wkdays,END
FALSE,Hindoo Road Off-Street,1.28944,103.84998,Daily: 0700-0700: $0.50 / 30 mins (Per Minute Charging),-,-,-,,0700-0659: 1,,0700-0659: 1,,0700-0659: 1,END
FALSE,Hougang Green Shopping Mall,1.37902,103.88823,7am-5pm: $1.07 for 1st hr; $0.55 for sub. ½ hr,Aft 5pm: $1.20 per entry,Same as wkdays,7am-12am: $2.15 per entry; Aft 12am: $1.20 per entry,,0700-1700: 1.07; 1701-0659: 1.2,,0700-1700: 1.07; 1701-0659: 1.2,,0700-0000: 2.15; 0001-0659: 1.2,END
FALSE,Hougang Mall,1.37306,103.8918,1st hr: $1.20;  2nd hr: $0.70 per ½ hr; 3rd hr onwards: $1 per ½ hr,1st hr: $1.20;  2nd hr: $0.70 per ½ hr; 3rd hr onwards: $1 per ½ hr,1st hr: $1.30;  2nd hr: $0.70 per ½ hr; 3rd hr onwards: $1 per ½ hr,Same as Saturday,1.2,,1.3,,1.3,,END
FALSE,Hougang Plaza,1.366,103.89069,5am-5pm: $0.40 for ½ hr,Aft 5pm: $1.50 per entry,Same as wkdays,$1.50 per entry,,0500-1700: 0.4; 1701-0459: 1.5,,0500-1700: 0.4; 1701-0459: 1.5,1.5,$1.50 per entry,END
FALSE,Junction 8 Shopping Centre,1.35122,103.849762,12am-5.59pm - $1.07 for 1st hr; $0.32 for sub. 15 mins,Mon-Thu: 6pm-11.59pm: $2.14 per entry; Fri/Eve of PH: 6pm-2.59am: $2.14 per entry,3am-5.59pm: $2.14 for 1st 2hrs; $0.32 for sub. 15 mins; 6pm-2.59am: $2.14 per entry,3am-5.59pm: $2.14 for 1st 2hrs; $0.32 for sub. 15 mins; 6pm-11.59pm: $2.14 per entry,,0000-1759: $1.07; 1800-2359: 2.14,,0300-1759: 2.14; 1800-0259: 2.14,,0300-1759: 2.14; 1700-2359: 2.14 ,END
FALSE,Kampong Bugis Off-Street,1.28944,103.84998,Daily: 0700-0700: $0.50 /30 mins (Per Minute Charging),-,-,-,1,,1,,1,,END
FALSE,Kampong Kapor Road Off-Street,1.28944,103.84998,Daily: 0700-0700: $0.50 /30 mins (Per Minute Charging),-,-,-,1,,1,,1,,END
FALSE,Mustafa Centre,1.31031,103.85591,Daily: 1st hr: Free; $2 for sub. hr,-,-,-,F,,F,,F,,END
FALSE,Nex Mall,1.35156,103.874001,Mon-Fri: $1.30 for 1st hr; $0.65 for sub. ½ hr,-,Sat. Sun / Ph: $1.40 for 1st hr; $0.70 for sub. ½ hr,Same as Saturday,1.3,,1.4,,1.4,,END
FALSE,Northpoint Shopping Centre,1.42574,103.83508,Daily: $1.20 for 1st hr or part thereof; $0.80 for sub. ½ hr or part thereof.,-,-,-,1.2,,1.2,,1.2,,END
FALSE,Parliament House,1.28819,103.85113,8.01am-6pm: $1.13 per ½ hr (per min basis),6.01pm-8am: $2.06 per entry,Same as wkdays,$2.06 per entry,,0801-1800: 1.13; 1801-0800: 2.06,,0801-1800: 1.13; 1801-0800: 2.06,2.06,,END
FALSE,Ramada Hotel,1.3277,103.846771,6am-6pm: $1.60 per hr,Aft 6pm: $2.20 per entry,Same as wkdays,Same as wkdays,,0600-1800: 1.6; 1801-0559: 2.2,,0600-1800: 1.6; 1801-0559: 2.2,,0600-1800: 1.6; 1801-0559: 2.2,END
FALSE,Rivervale Mall,1.39051,103.907211,Daily: $1.28 for 1st hr. $0.64 for sub. 30 mins or part thereof.,-,-,-,1.28,,1.28,,1.28,,END
FALSE,Sembawang Shopping Centre,1.45048,103.829369,12am-11.59pm: $1.20 for 1st hr; $0.32 for sub. 15 mins,$1.20 for 1st hr; $0.30 for sub. 15 mins,Same as wkdays,Same as wkdays,1.2,,1.2,,1.2,,END
FALSE,Shaw Plaza,1.32607,103.848846,8am-5pm: $1.04 for 1st hr; $0.53 for sub. ½ hr,Aft 5pm: $1.55 per entry,Same as wkdays,Same as wkdays,,0800-1700: 1.04; 1701-0759: 1.55,,0800-1700: 1.04; 1701-0759: 1.55,,0800-1700: 1.04; 1701-0759: 1.55,END
FALSE,Shrewsbury Road Off-Street,1.28944,103.84998,Daily. 0700-0700: $0.50 /30 mins (Per Minute Charging),-,-,-,1,,1,,1,,END
FALSE,Square 2,1.31988,103.8456,7am-6pm: $1.60 for 1st hr; $0.80 for sub. ½ hr,Aft 6pm: $2.20 per entry,Same as wkdays,$2.20 for 1st 4hrs; $1.10 for sub. ½ hr; Aft 6pm: $2.20 per entry,,0700-1800: 1.6; 1801-0659: 2.2,,0700-1800: 1.6; 1801-0659: 2.2,,0000-1800: 2.2; 1801-2359: 2.2,END
FALSE,Sun Plaza,1.45299,103.81775,7am-5pm: $1.20 for 1st hr; $0.65 for sub. ½ hr,5pm-11pm: $2.20 per entry; Aft 11pm: $3.30 per entry,Same as wkdays,Same as wkdays,,0700-1700: 1.2; 1700-2300: 2.2; 2301-0659: 3.3,,0700-1700: 1.2; 1700-2300: 2.2; 2301-0659: 3.3,,0700-1700: 1.2; 1700-2300: 2.2; 2301-0659: 3.3,END
FALSE,The Verge,1.30779,103.85265,7am-5pm: $1.60 per hr,5pm-12am: $2.50 per entry; Aft 12am: $1.30 per hr,Same as wkdays,7am-12am: $2.50 per entry; Aft 12am: $2 per hr,,0700-1700: 1.6; 1700-0000: 2.5; 0001-0659: 1.3,,0700-1700: 1.6; 1700-0000: 2.5; 0001-0659: 1.3,,0700-0000: 2.5; 0001-0659: 2 ,END
FALSE,Thomson Plaza,1.35517,103.831734,7am-12am: $1 for 1st hr; $0.60 for sub. ½ hr,7am-12am: $1 for 1st hr; $0.60 for sub. ½ hr,7am-11am & 4pm-12am: $1.20 for 1st hr; $0.70 for sub. ½ hr; 11am-4pm: $1.20 for 1st hr; $1 for sub. ½ hr,Same as Saturday,,0700-0000: 1 ,,0700-0000: 1.2,,0700-0000: 1.2,END
FALSE,Toa Payoh HDB Hub,1.33752,103.85175,7am-6pm: $0.50 per ½ hr,6pm-1am: $1 per entry; Aft 10.30pm: $2 per entry,Same as wkdays,7am-1am: $1 per entry; Aft 10.30pm: $2 per entry,,0700-1800: 1; 1801-2230: 1; 2231-0659: 2 ,,0700-1800: 1; 1801-2230: 1; 2231-0659: 2 ,,0700-2230: 1; 2231-0659: 2,END
FALSE,United Square Shopping Mall,1.32702,103.84098,7pm-6pm: $2.20 for 1st hr; $1.10 for sub. hr,Aft 6pm: $2 per entry,7am-6pm: $2.20 for 1st 2hrs; $1.10 for sub. hr; Aft 6pm: $2 per entry,Same as Saturday,,0700-1800: 2.2; 1801-0659: 2,,0700-1800: 2.2; 1801-0659: 2,,0700-1800: 2.2; 1801-0659: 2,END
FALSE,Velocity @ Novena Square,1.319826,103.844002,6am-6pm: $1.60 for 1st hr; $0.80 for sub. ½ hr,Aft 6pm: $2.20 per entry,Same as wkdays,Same as wkdays,,0600-1800: 1.6;1801-0559: 2.2,,0600-1800: 1.6;1801-0559: 2.2,,0600-1800: 1.6;1801-0559: 2.2,END
FALSE,Yishun YS-ONE,1.4388,103.84229,0700-2230: $0.0167 /min,2230-0700: $0.0167 /min ;(Capped at $4.00),Same as wkdays,0700-2230: Free Parking. 2230-0700: $0.0167/min (Capped at $4.00),1,,1,,,0700-2230: F; 2231-0659:1,END
FALSE,112 Katong,1.30367,103.90346,6am-9.59am: $0.54 for 1st hr; $0.16 for sub. 15mins. 10am-5.59pm: $1.07 for 1st hr; $0.27 for sub. 15mins.,6pm-8.59pm:$1.28 for 1st 30mins; $0.65 for sub. 15mins. 9pm-5.59am: $0.54 for 1st hr; $0.16 for sub. 15mins.,6am-9.59am: $0.54 for 1st hr; $0.16 for sub. 15mins. 10am-8.59pm: $1.28 for 1st 30mins; $0.65 for sub. 15mins. 9pm-5.59am: $0.54 for 1st hr; $0.16 for sub. 15mins.,Same as Saturday,,0600-0959: 0.54; 1000-1759: 1.07; 1800-2059: 2.56;  2100-0559: 0.54,,0600-0959: 0.54; 1000-2059: 2.56; 2100-0559: 0.54,,0600-0959: 0.54; 1000-2059: 2.56; 2100-0559: 0.54,END
FALSE,Bedok Mall,1.32466,103.93238,Daily: 12-11.59pm: $1.50 for 1st hr. $0.40 for sub. 15 mins,-,-,-,1.5,,1.5,,1.5,,END
FALSE,Bedok Point,1.32466,103.93238,$1.20 for 1st hr or part thereof; $0.70 for sub ½ hr or part thereof.,$1.20 for 1st hr or part thereof; $0.70 for sub ½ hr or part thereof.,Same as wkdays,Same as wkdays,1.2,,,1.2,,1.2,END
FALSE,Century Square,1.35248,103.94461,3.01am-6pm: S$1.07 for 1st hr and S$0.32 every 15 mins or part thereof.,6.01am-3am: $2.14 per entry,3.01am-6pm:S$0.32 every 15 mins or part thereof; 6.01am-3am:$2.14 per entry.,Same as Saturday,,0301-1800: 1.07; 1801-0300: 2.14,,0301-1800:1.28; 1801-0300: 2.14,,0301-1800:1.28; 1801-0300: 2.14,END
FALSE,Changi Airport - South Car Park (between T2 and JetQuay),1.355322,103.988335,$0.035 per min. Capped at $35 per 24hrs. (Limited parking spaces and on a first-come. first-served basis),$0.035 per min. Capped at $35 per 24hrs.,$0.035 per min. Capped at $35 per 24hrs.,Same as Saturday,2.1,,2.1,,2.1,Same as Saturday,END
FALSE,Changi Airport - T1- T2- T3,1.355,103.988297,$0.04 per min      *Based on the per-minute rate of S$0.04. 24 hours of parking will be S$57.60.,$0.04 per min,$0.04 per min,Same as Saturday,2.4,,2.4,,2.4,,END
FALSE,Changi City Point,1.33619,103.963608,7.01am-6pm: $0.70 per ½ hr or part thereof.,6.01pm-7am: $2.50 per entry,7.01am-5pm: $2.50 for 1st 2hrs or part thereof; $1.20 for sub. ½ hr or part thereof. 5.01pm-7am: $2.50 per entry,Same as Saturday,,0701-1800: 0.7; 1801-700: 2.5 ,,0701-1700: 2.5; 1701-700: 2.5,,0701-1700: 2.5; 1701-700: 2.5,END
FALSE,Changi Village Hotel,1.39134,103.98155,8am-6pm: $2 for 1st hr; $1.50 for sub. hr,Aft 6pm: $5.35 per entry,Same as wkdays,Same as wkdays,,0800-1800: 2; 1801-0759: 5.35 ,,0800-1800: 2; 1801-0759: 5.35 ,,0800-1800: 2; 1801-0759: 5.35 ,END
FALSE,City Plaza,1.31561,103.89475,8am-5pm: $1.10 for 1st hr; $0.70 for sub. ½ hr,5pm-12am: $1.20 per entry; Aft 12am: $2.40 per entry,Same as wkdays,7am-12am: $1.20 per entry; Aft 12am: $2.40 per entry,,0800-1700: 1.1;1700-0000: 1.2; 0001-0759: 2.4,,0800-1700: 1.1;1700-0000: 1.2; 0001-0759: 2.4,,0700-0000: 1.2; 0001-0659: 2.4,END
FALSE,D'Resort,1.37669,103.9564,Mon-Thu (excluding PH. Eve of PH & School Holiday) $0.024 per min; Max/day: $15 (Valid up to 12 midnight and not applicable for multiple entries).,Mon-Thu (excluding PH. Eve of PH & School Holiday) $0.024 per min; Max/day: $15 (Valid up to 12 midnight and not applicable for multiple entries).,Fri-Sat (Including PH. Eve of PH & School Holiday) $0.024 per min; 5pm-12am: $5 per entry. Max/day: $19.,Same as Saturday,1.44,,,0001-1659: 1.44; 1700-0000: 5 ,,0001-1659: 1.44; 1700-0000: 5 ,END
FALSE,Downtown East,1.37669,103.956398,Mon-Thu (excluding PH. Eve of PH & School Holiday) $0.024 per min; Max/day: $12.50 (Valid up to 12 midnight and not applicable for multiple entries).,Mon-Thu (excluding PH. Eve of PH & School Holiday) 5pm-12am: $2.40 per entry. Max/day:$12.50; Fri: $3.40 per entry.,Fri-Sat (Including PH. Eve of PH & School Holiday) $0.024 per min; 5pm-12am: $3.40 per entry. Max/day: $16.,Same as Saturday,,Mon-Thu (excluding PH. Eve of PH & School Holiday) $0.024 per min; Max/day: $12.50 (Valid up to 12 midnight and not applicable for multiple entries).; Mon-Thu (excluding PH. Eve of PH & School Holiday) 5pm-12am: $2.40 per entry. Max/day:$12.50; Fri: $3.40 per entry.,,Fri-Sat (Including PH. Eve of PH & School Holiday) $0.024 per min; 5pm-12am: $3.40 per entry. Max/day: $16.,,Same as Saturday,END
FALSE,East Coast Park E1/E2/E3 Off-Street,1.28944,103.84998,Daily: 0700-0700: $0.50 /30 Mins (Per Minute Charging),-,-,-,1,,1,,1,,END
FALSE,Eastpoint Mall,1.34269,103.95255,Daily: $1.20 for 1st hr or part thereof. $0.30 for sub. 15 mins or part thereof.,-,Same as wkdays,Same as wkdays,1.2,,1.2,,1.2,,END
FALSE,Grand Mecure Roxy Hotel,1.30339,103.90679,Daily: $1.60 per hr,-,-,-,1.6,,1.6,,1.6,,END
FALSE,IKEA (Tampines),1.37264,103.93384,Daily free: 7am-11pm,-,-,-,,0700-2300: F,,0700-2300: F,,0700-2300: F,END
FALSE,Katong Shopping Centre,1.30461,103.90093,7am-6pm: $1 per hr,Aft 6pm: $2 per entry,Same as wkdays,$2 per entry,,0700-1800: 1; 1801-0659: 2 ,,0700-1800: 1; 1801-0659: 2 ,2,,END
FALSE,Katong Village,1.30367,103.903458,8am-6pm: $2.20 per hr,Aft 6pm: $6 per entry,Same as wkdays,Same as wkdays,,0800-1800: 2.2; 1801-0759: 6,,0800-1800: 2.2; 1801-0759: 6,,0800-1800: 2.2; 1801-0759: 6,END
FALSE,Lifelong Learning Institute,1.31909,103.89322,6am-5:59pm: $0.90 per ½ hr. Full Day Parking-6am-11:59pm: $16.,6pm-11.59pm: $3.21 per entry; 12am-5.59am: $12 per entry,Same as wkdays,6am-11:59pm: $3.21 per entry; 12am-5.59am: $12 per entry,,0600-1759: 1.8; 1800-2359: 3.21; 0000-0559: 12,,0600-1759: 1.8; 1800-2359: 3.21; 0000-0559: 12,,0600-2359: 3.21; 0000-0559: 12 ,END
FALSE,Paramount Hotel,1.30306,103.90321,8am-5pm: $0.60 per ½ hr,Aft 5pm: $2.50 per entry,Same as wkdays,$2.50 per entry,,0800-1700: 1.8; 1701-0759: 2.5,,0800-1700: 1.8; 1701-0759: 2.5,2.5,,END
FALSE,Parkway Parade,1.30128,103.904877,6am-6pm: $1 for 1st hr;  $0.40 for sub. ½ hr,6pm-2am: $1.50 per entry; Aft 2am: $20 per entry,6am-10am: $0.50 for 1st hr; $0.40 for sub.15 mins; 10am-6pm: $1.30 for 1st hr; $0.40 for sub. 15 mins; 6pm-2am: $2.10 per entry. Aft 2am: $20 per entry,Same as Saturday,,0600-1800: 1; 1800-0159: 1.5; 0200-0559: $20,,0600-1000: 0.5; 1001-1800: 1.3; 1800-0159: 2.1;  0200-0559: $20,,0600-1000: 0.5; 1001-1800: 1.3; 1800-0159: 2.1;  0200-0559: $20,END
FALSE,Roxy Square,1.30339,103.906792,7am-6pm: $1.20 for 1st hr; $1.40 for sub. hr,5pm-12am: $2.50 per entry,Same as wkdays,Same as wkdays,,0700-1800: 1.2; 1700-0000: 2.5,,0700-1800: 1.2; 1700-0000: 2.5,,0700-1800: 1.2; 1700-0000: 2.5,END
FALSE,Singapore Expo,1.33648,103.960632,Daily: $3.20 for 1st 2hrs; $1.50 for sub. ½ hr (Maximum Daily Charge:$20),-,Same as wkdays,Same as wkdays,3.2,,3.2,,3.2,,END
FALSE,Singapore Post Centre,1.32276,103.898277,7am-5pm: $1.60 for 1st hr. $1.00 for next sub  ½ hr,5pm-12am: $3/entry. 12am-7am: $1.60 for 1st hr. $1.00 for next sub ½ hr.,7am-1pm: $1.60 for 1st hr. $1 for next sub  ½ hr. 1pm-12am: $3 per entry; 12am-7am $1.60 for 1st hr. $1.00 for next sub ½ hr.,7am-12am: $3 per entry; 12am-7am $1.60 for 1st hr. $1.00 for next sub ½ hr .,,0700-1700: 1.6; 1700-0000: 3; 0001-0659: 1.60,,0700-1300: 1.6; 1301-0000: 3; 0001-0659: 1.60,,0700-0000: 3; 0000-0700:  1.6,END
FALSE,Tampines 1,1.35399,103.94425,1st hr $1.07; 2nd hr $0.55 per ½ hr; Aft 2hrs: $0.35 per 15 mins,1st hr $1.07; 2nd hr $0.55 per ½ hr; Aft 2hrs: $0.35 per 15 mins,1st hr $1.28; 2nd hr $0.60 per ½ hr; Aft 2hrs: $0.45 per 15 mins,Same as Saturday,1.07,,1.28,,1.28,,END
FALSE,Tampines Junction,1.35312,103.94225,8am-5pm: $1 for 1st hr; $0.50 for sub. ½ hr,Aft 5pm: $2 per entry,Charges same as wkdays. but closed after 2pm,Closed,,0800-1700: 1;  1701-0759: 2,,0800-1400: 1;,C,,END
FALSE,Tampines Mall,1.35282,103.944283,12am-5:59pm: $1.07 for 1st hr; $0.32 for sub. 15mins,Mon-Thu: 6pm-11.59pm: $2.14 per entry; Fri & Eve of PH: 6pm-2.59am: $2.14 per entry,3am-5.59pm: $2.14 for 1st 2hrs; $0.32 for sub. 15mins; 6pm-2.59am: $2.14 per entry,3am-5.59pm: $2.14 for 1st 2hrs; $0.32 for sub. 15mins; 6pm-11.59am: $2.14 per entry,,0000-1759: 1.07; 1800-2359: 2.14,,0300-1759: 2.14; 1800-0259: 2.14,,0300-1759: 2.14; 1800-2359: 2.14,END
FALSE,Tampines Plaza (Compaq Centre),1.35399,103.944252,8am-5pm: $1 per ½ hr,Aft 5pm: $2 per entry,Same as wkdays,$2 per entry,,0800-1700: 2; 1701-0759: 2,,0800-1700: 2; 1701-0759: 2,2,,END
FALSE,Telepark,1.35399,103.944252,Daily: 7am-10pm: $0.70 per ½ hr (An additional surcharge of $22 per exit after 10pm),-,-,-,,0700-2200: 1.4,,0700-2200: 1.4,,0700-2200: 1.4,END
FALSE,White Sands Shopping Centre,1.37324,103.950188,7am-7pm: $1.20 per hr for 1st 2hrs; $1.20 for sub. ½ hr,Aft 7pm: $2 per entry,Same as wkdays,Same as wkdays,,0700-1900: 1.2; 1901-0659: 2,,0700-1900: 1.2; 1901-0659: 2,,0700-1900: 1.2; 1901-0659: 2,END
FALSE,Amara Hotel,1.2742,103.84403,8am-4.59pm: $2 per ½ hr,5pm-7.59am (the following day) : $3 per entry,Same as wkdays,$3 per entry,,0800-1659: 4; 1700-0759: 3 ,,0800-1659: 4; 1700-0759: 3 ,3,,END
FALSE,Berjaya Hotel,1.28417,103.845207,8.30am-5pm: $1 per ½ hr,5pm-10pm: $1 per hr; Aft 10pm: Free,Same as wkdays,8.30am-10pm: $1 per hr. Aft 10pm: Free,,0830-1700: 2; 1700-2200: 1; 2201-0829: F,,0830-1700: 2; 1700-2200: 1; 2201-0829: F,,0830-2200: 1; 2201-0829: F,END
FALSE,Carlton Hotel,1.29453,103.85391,7am-6pm: $3 for 1st hr; $1.50 for for sub. ½ hr,Aft 6pm: $6 per entry,Same as wkdays,Same as wkdays,,0700-1800: 3; 1801-0659: 6 ,,0700-1800: 3; 1801-0659: 6 ,,0700-1800: 3; 1801-0659: 6 ,END
FALSE,Changi Village Hotel,1.39134,103.981552,8am-6pm: $2 for 1st hr; $1.50 for sub. hr,Aft 6pm: $5.35 per entry,Same as wkdays,Same as wkdays,,0800-1800: 2; 1800-0759: 5.35,,0800-1800: 2; 1800-0759: 5.35,,0800-1800: 2; 1800-0759: 5.35,END
FALSE,Concorde Hotel,1.30103,103.84213,7am-6pm: $2.14 for 1st hr; $1.39 for sub. ½ hr,Aft 6pm: $3.75 per entry,Same as wkdays,$3.75 per entry,,0700-1800: 2.14; 1801-0659: 3.75,,0700-1800: 2.14; 1801-0659: 3.75,3.75,,END
FALSE,Conrad Centennial Hotel,1.29438,103.85877,7am-6pm: $3.30 for 1st hr; $1.10 for sub.½ hr,Aft 6pm: $2.20 per entry,$2.20 for 1st 2hrs; $1.10 for sub. hr,Same as Saturday,,0700-1800: 3.3; 1801-0659: 2.2,2.2,,2.2,,END
FALSE,Copthorne King's Hotel,1.28829,103.83699,7am-12am: $3 for 1st hr; $1.50 for sub ½ hr,Aft 12am: $4 for 1st hr; $2 for sub ½ hr,Same as wkdays,Same as wkdays,,0700-0000: 3; 0001-0659: 4 ,,0700-0000: 3; 0001-0659: 4 ,,0700-0000: 3; 0001-0659: 4 ,END
FALSE,Copthorne Orchid Hotel,1.3261,103.82397,8am-5pm: $1.50 for 1st hr; $1 for sub. hr. per day $20),Aft 5pm: $3 per entry,Same as wkdays,Same as wkdays,,0800-1700: 1.5; 1701-0759: 3,,0800-1700: 1.5; 1701-0759: 3,,0800-1700: 1.5; 1701-0759: 3,END
FALSE,Elizabeth Hotel,1.30615,103.83597,7am-5pm: $3 for 1st hr; $1.50 for sub. ½ hr,Aft 5pm: $4 per entry,$4 per entry,Same as Saturday,,0700-1700: 3; 1701-0659: 4,4,,4,,END
FALSE,Four Seasons Hotel,1.30484,103.82895,6am-5pm: $6 for 1st hr; $3 for sub. ½ hr,Aft 5pm: $6 per entry,Same as wkdays,Same as wkdays,,0500-1700: 6; 1701-0459: 6,,0500-1700: 6; 1701-0459: 6,,0500-1700: 6; 1701-0459: 6,END
FALSE,Furama City Centre Singapore,1.2858,103.8446,5am-5pm: $1.40 for 1st ½ hr; $1.50 for sub. ½ hr,Aft 5pm: $3 per entry,Same as wkdays,$3 per entry,,0500-1700: 1.4; 1701-0459: 3,,0500-1700: 1.4; 1701-0459: 3,3,,END
FALSE,Furama Riverfront Singapore,1.28848,103.83663,7am-5pm: $1 per ½ hr,Aft 5pm: $6 per entry,Same as wkdays,Same as wkdays,,0700-1700: 2; 1701-0659: 6,,0700-1700: 2; 1701-0659: 6,,0700-1700: 2; 1701-0659: 6,END
FALSE,Gallery Hotel,1.2905,103.83907,12pm-2pm: $3 for 1st hr; $1 for sub. ½ hr; $2 for 1st hr. $0.50 for sub. ½ hr from 2.01pm to 6.00pm for Mon-Thu,6pm-11.59pm: $3 for 1st hr; $1 for sub. ½ hr; $2 for 1st hr; $0.50 for sub. ½ hr  from 12am-11.59am for Mon-Thu,6am-11.59pm: $3 for 1st hr; $0.50 for sub. ½ hr. $3 for 1st hr; $0.50 for sub. ½ hr from 12am-1.59am for Fri-Sun/PH,$2 for 1st hr; $0.50 for sub. ½ hr from 2.01am-6am for Fri-Sun/PH,,1200-1400: 3; 1401-1800: 2; 1801-2359: 3; 0000-1159: 2,,0600-2359: 3; 0000-0159: 3 $3 for 1st hr; $0.50 for sub. � hr from 12am-1.59am for Fri-Sun/PH,2,,END
FALSE,Goodwood Park Hotel,1.3073,103.83328,8am-6pm: $4 for 1st hr; $2 for sub. ½ hr,Aft 6pm: $5 per entry,Same as wkdays,$5 per entry,,0800-1800: 4;  1801-0759: 5,,0800-1800: 4;  1801-0759: 5,5,,END
FALSE,Grand Copthorne Waterfront Hotel,1.29159,103.83531,7am-5pm: $3.75 for 1st hr; $2.14 for sub. hr,Aft 5pm: $4.28 per entry,Same as wkdays,$4.28 per entry,,0700-1700: 3.75; 1701-0659: 4.28,,0700-1700: 3.75; 1701-0659: 4.28,4.28,,END
FALSE,Grand Hyatt Hotel,1.3073,103.83328,4am-4.59pm: $3.21 for 1st hr; $1.07 for sub. ½ hr,Aft 5pm: $5.35 per entry,Same as wkdays,4am-3.59am: $5.35 per entry,,0400-1659: 3.21; 1700-0359: 5.35,,0400-1659: 3.21; 1700-0359: 5.35,5.35,,END
FALSE,Grand Mercure Roxy Hotel,1.30339,103.906792,Daily: $1.60 per hr,-,-,-,1.6,,1.6,,1.6,,END
FALSE,Grand Pacific Hotel (Formerly Allson Hotel),1.3019,103.85702,7am-5pm: $1.32 per ½ hr,Aft 5pm: $3.57 per entry,Same as wkdays,$3.57 per entry,,0700-1700: 1.32; 1701-0659: 3.57,,0700-1700: 1.32; 1701-0659: 3.57,3.57,,END
FALSE,Grand Park City Hall Hotel,1.29266,103.850922,7am-5pm: $3.28 for 1st hr; $1.55 for sub. ½ hr,Aft 5pm: $5.35 per entry,Same as wkdays,Same as wkdays,,0700-1700: 3.28; 1701-0659: 5.35,,0700-1700: 3.28; 1701-0659: 5.35,,0700-1700: 3.28; 1701-0659: 5.35,END
FALSE,Grand Park Orchard,1.30348,103.836761,8am-5pm: $3.50 for 1st hr; $1.50 for sub. ½ hr,Aft 5pm: $5 per entry,Same as wkdays,Same as wkdays,,0800-1700: 3.5; 1701-0759: 5,,0800-1700: 3.5; 1701-0759: 5,,0800-1700: 3.5; 1701-0759: 5,END
FALSE,Hilton Hotel,1.30356,103.8348,8am-6pm: $7 for 1st hr,Aft 6pm: $7 per entry,Same as wkdays,$7 per entry,7,,7,,7,,END
FALSE,Holiday Inn Atrium,1.28944,103.84998,7am-5pm: $1.80 per hr,Aft 5pm: $3.60 per entry,Same as wkdays,$3.60 per entry,,0700-1700: 1.8; 1701-0659: 3.6,,0700-1700: 1.8; 1701-0659: 3.6,3.6,,END
FALSE,Holiday Inn Express Singapore,1.30348,103.83676,$3 per ½ hr.,$3 per ½ hr.,Same as wkdays,Same as wkdays,6,,6,,6,,END
FALSE,Holiday Inn Singapore Orchard City Centre,1.30177,103.84157,$3 for 1st hr; $1.50 for sub. ½ hr,$3 for 1st hr; $1.50 for sub. ½ hr,Same as wkdays,Same as wkdays,3,,3,,3,,END
FALSE,Inter-continental Hotel,1.29708,103.85576,8am-5pm: $1.07 for 1st hr; $0.37 for sub. 10mins (Car park at Parco Bugis Junction),Mon-Thu: Aft 5pm: $2.50 per entry. Fri: $2.50 for 1st 2hrs; $0.25 for sub. 10 mins,$2.50 for 1st 2hrs; $0.25 for sub. 10 mins,Same as Saturday,,0800-1700: 1.07; 1701-0759: 2.5,2.5,,2.5,,END
FALSE,klapsons- The Boutique Hotel,1.27408,103.8422,6.30am to 6.30pm - first 3 hours at $3.00 and subsequent half an hour at $1.50,6.30pm to 6.30am - $ 4.00 flat,After 2pm - $4.00 flat,$4.00 flat,,0630-1830: 3; 1831 to 0629: 4,,1400-2359: 4,4,,END
FALSE,Landmark Village Hotel (Formally Golden Landmark Hotel),1.30225,103.85817,8am-5pm: $1.90 for 1st hr; $1.07 for sub. ½ hr,Aft 5pm: $2.14 per entry,Same as wkdays,$2.14 per entry,,0800-1700: 1.9; 1701-0759: 2.14,,0800-1700: 1.9; 1701-0759: 2.14,2.14,,END
FALSE,M Hotel,1.27462,103.84547,7am-6pm: $1.50 per ½ hr,Aft 6pm: $3 per entry,Charges same as wkdays. but $3 per entry after 1pm,$3 per entry,,0700-1800: 1.5; 1801-0659: 3,,0700-1300: 1.5; 1301-0659: 3,3,,END
FALSE,Mandarin Orchard Singapore,1.30356,103.8348,7am-6pm: $3.50 for 1st hr; $1.20 for sub. ½ hr,Aft 6pm: $6 per entry,Same as wkdays,Same as wkdays,,0700-1800: 3.5; 1801-0659: 6,,0700-1800: 3.5; 1801-0659: 6,,0700-1800: 3.5; 1801-0659: 6,END
FALSE,Mandarin Oriental Hotel,1.29021,103.85951,Mon-Thu: 7am-5pm: $2.20 for 1st 2hrs; $1.10 per ½ hr for sub. ½ hr (Car Park at Marina Square),Mon-Thu: 5pm-2am: $2.20 per entry; 2am-7am: $1.10 per ½ hr,Fri/Sat-Sun/PH: 7am-2am :$2.40 for 1st 2 hrs; $1.20 per hr for sub. 2hrs; $1.40 per ½ hr for sub. ½ hr after 4 hrs of parking. 2am-7am: $1.10 per ½ hr,Same as Saturday,,0700-1700: 2.2; 1701-0200: 2.20; 0201-0659: 1.1,,0700-0200: 2.4; 0201-0659: 2.2,,0700-0200: 2.4; 0201-0659: 2.2,END
FALSE,Marina Bay Sands,1.28099,103.8584,7am-7pm: $6 for 1st hr; $1 for sub. hr; (Capped at $26 every 24hrs),Aft 7pm: $6 per entry,Same as wkdays,Same as wkdays,,0700-1900: 6; 1901-0659: 6,,0700-1900: 6; 1901-0659: 6,,0700-1900: 6; 1901-0659: 6,END
FALSE,Marina Mandarin Hotel,1.29303,103.860268,Mon-Thu: 7am-5pm: $2.20 for 1st 2hrs; $1.10 per ½ hr for sub. ½ hr (Car Park at Marina Square),Mon-Thu: 5pm-2am: $2.20 per entry; 2am-7am: $1.10 per ½ hr for sub. ½ hr,Fri-Sun/PH: 7am-2am :$2.40 for 1st 2hrs; $1.20 per hr for sub. 2hrs; $1.40 per ½ hr for sub. ½ hr after 4 hrs of parking. 2am-7am: $1.10 per ½ hr for sub. ½ hr,Same as Saturday,,0700-1700: 2.2; 1701-0159: 2.2; 0200-0659: 2.2,,0700-0159: 2.4; 0200-0659: 1.1,,0700-0159: 2.4; 0200-0659: 1.1,END
FALSE,Novotel Clarke Quay,1.29206,103.84498,7am-5pm: $1.07 per hr,Aft 5pm: $3.21 per entry,7am-1pm: $1.07 per hr; Aft 1pm: $3.21 per entry,$3.21 per entry,,0700-1700: 1.07; 1701-0659: 3.21,,0700-1300: 1.07; 1301-0659: 3.21,3.21,$3.21 per entry,END
FALSE,One Fullerton,1.28604,103.85359,7am-6pm: $2.50 per ½ hr,After 6pm: $5 per entry,$5 per entry,$5 per entry,,0700-1800: 5; 1801-0659: 5,5,,5,,END
FALSE,Orchard Grand Court Hotel,1.29751,103.83821,7am-5pm: $2.50 per hr,Aft 5pm: $3 per entry,Same as wkdays,$3 per entry,,0700-1700: 2.5; 1701-0659: 3,,0700-1700: 2.5; 1701-0659: 3,3,,END
FALSE,Orchard Hotel Shopping Arcade,1.30356,103.8348,7am-6pm: $5 for 1st hr; $1.50 for sub. ½ hr,Aft 6pm: $5.50 per entry,Same as wkdays,$5 per entry,,0700-1800: 5; 1801-0659: 5.5,,0700-1800: 5; 1801-0659: 5.5,5,,END
FALSE,Orchard Parade Hotel,1.30603,103.82673,7am-5pm: $4 for 1st hr; $1.50 for sub. ½ hr,Aft 6pm: $4 per entry,Same as wkdays,$4 per entry,4,,4,,4,,END
FALSE,Pan Pacific Hotel,1.29212,103.85916,Mon-Thu: 7am-5pm: $2.20 for 1st 2hrs; $1.10 per ½ hr for sub. ½ hr (Car Park at Marina Square),Mon-Thu: 5pm-2am: $2.20 per entry; 2am-7am: $1.10 per ½ hr,Fri/Sat-Sun/PH: 7am-2am :$2.40 for 1st 2 hrs; $1.20 per hr for sub. 2hrs; $1.40 per ½ hr for sub. ½ hr after 4 hrs of parking. 2am-7am: $1.10 per ½ hr,Same as Saturday,,0700-1700: 2.2; 1701-0159: 2.2; 0200-0659: 1.1,,0700-0159: 2.4; 0200-0659: 1.1,,0700-0159: 2.4; 0200-0659: 1.1,END
FALSE,Pan Pacific Orchard,1.30742,103.82907,7am-5pm: $4 for 1st hr; $1.50 for sub. ½ hr,Aft 5pm: $4 per entry,Same as wkdays,$4 per entry,,0700-1659: 4; 1700-0659: 4,,0700-1659: 4; 1700-0659: 4,4,,END
FALSE,Paramount Hotel,1.30306,103.903214,8am-5pm: $0.60 per ½ hr,Aft 5pm: $2.50 per entry,Same as wkdays,$2.50 per entry,,0800-1659: 1.2; 1700-0759: 2.5,,0800-1659: 1.2; 1700-0759: 2.5,2.5,,END
FALSE,PARKROYAL on Beach Road,1.30203,103.862991,7am-5pm: Multi Storey Carpark - $2.50 for 1st hr; $1.50 for sub. ½ hr. Hotel Driveway - $6 for 1st hr; $2 for sub. ½ hr.,Aft 5pm: Multi Storey Carpark - $2.50 per entry. Hotel Driveway - $6 per entry.,Charges same as wkdays but $2.50 per entry (Multi-Storey Carpark) & $6 per entry (Hotel Driveway) after 1pm.,Multi-Storey Carpark - $2.50 per entry. Hotel Driveway - $6 per entry.,,0700-1659: 2.5; 1700-0659: 2.5,,0700-1259: 2.5; 1300-0659: 2.5,2.5,,END
FALSE,Peninsula Excelsior Hotel,1.29179,103.850952,8am-5pm: $2.60 for 1st hr; $1.50 for sub. ½ hr,Aft 5pm: $4 per entry,Same as wkdays,8am-5pm: $1.50 per hr; Aft 5pm: $4 per entry,,0800-1659: 2.60; 1700-0759: 4,,0800-1659: 2.60; 1700-0759: 4,,0800-1659: 1.5; 1700-0759: 4,END
FALSE,Raffles Hotel,1.29616,103.85646,12am-6pm: $3 for 1st ½ hr; $1.50 for sub. ½ hr,6pm-12am: $6 per entry,Same as wkdays,$6 per entry,,0000-1759: 6; 1800-2359: 6,,0000-1759: 6; 1800-2359: 6,6,,END
FALSE,Ramada Hotel,1.3277,103.846771,6am-6pm: $1.60 per hr,Aft 6pm: $2.20 per entry,Same as wkdays,Same as wkdays,,0600-1759: 1.6; 1800-0559: 2.2,,0600-1759: 1.6; 1800-0559: 2.2,,0600-1759: 1.6; 1800-0559: 2.2,END
FALSE,Regent Hotel,1.30505,103.82633,7am-6pm: $5 for 1st hr; $2.50 for sub. ½ hr,Aft 6pm: $6 per entry,Same as wkdays,Same as wkdays,,0700-1759: 5; 1800-0659: 6,,0700-1759: 5; 1800-0659: 6,,0700-1759: 5; 1800-0659: 6,END
FALSE,Rendezvous Hotel,1.29729,103.85035,Daily: $3.20 for 1st 2hrs; $1.60 for sub. hr,-,-,-,3.2,,3.2,,3.2,,END
FALSE,Royal Plaza On Scotts,1.3073,103.83328,8am-6pm: $4 for 1st hr; $1.50 for sub. ½ hr,Aft 6pm: $5.50 per entry,Same as wkdays,$5.50 per entry,,0800-1759: 4; 1800-0759: 5.5,,0800-1759: 4; 1800-0759: 5.5,5.5,,END
FALSE,Shangri-la Hotel,1.311,103.8263,7am-5pm: $6 for 1st hr; $2 for sub. ½ hr,Aft 5pm: $8 per entry,Same as wkdays,Same as wkdays,,0700-1659: 6; 1700-0659: 8 ,,0700-1659: 6; 1700-0659: 8 ,,0700-1659: 6; 1700-0659: 8 ,END
FALSE,Sheraton Towers Hotel,1.31074,103.83579,7am-6pm: $4 for 1st hr; $2 for sub. ½ hr,Aft 6pm: $6 per entry,Same as wkdays,$6 per entry,,0700-1759: 4; 1800-0659: 6,,0700-1759: 4; 1800-0659: 6,6,,END
FALSE,Singapore Marriott Hotel,1.30537,103.83316,6am-6pm: $0.05 per min/$3 per hr,Aft 6pm: $0.05 per min/$3 per hr,Same as wkdays,Same as wkdays,3,,3,,3,,END
FALSE,Swissotel Merchant Court Hotel,1.284,103.842567,Daily: $4.50 for 1st hr; $1.50 for sub. ½ hr,-,-,-,4.5,,4.5,,4.5,,END
FALSE,Swissotel Stamford Hotel,1.29453,103.85391,8am-5pm: $2 for 1st hr; $0.50 for sub. 15mins (Car park at Raffles City Shopping Centre),Aft 5pm: $2.50 per entry,$2 for 1st 2hrs; $0.30 for sub. 15mins,Same as Saturday,,0800-1659: 2; 1700-0759: 2.5,2,,2,,END
FALSE,The Ritz Carlton- Millenia Singapore,1.29021,103.85951,7am-6pm: $3.30 for 1st hr; $1.10 for sub.½ hr,Aft 6pm: $2.20 per entry,$2.20 for 1st 2hrs; $1.10 for sub. hr,Same as Saturday,,0700-1759: 3.3; 1800-0659: 2.2,2.2,,2.2,,END
FALSE,Traders Hotel,1.30419,103.82372,6am-5pm: $2.40 for 1st hr; $1.20 for sub. ½ hr,Aft 5pm: $3.50 per entry,Charges same as wkdays. but $3.50 per entry after 1pm,$3.50 per entry,,0600-1659: 2.4; 1700-0559: 3.5,,0600-1259: 2.4; 1300-0559: 3.5,3.5,,END
FALSE,York Hotel,1.30615,103.83597,8.01am-6pm: $4 for 1st hr; $2 for sub. ½ hr,Aft 6pm: $5 per entry,Same as wkdays,$5 per entry,,0801-1759: 4; 1700-0800: 5,,0801-1759: 4; 1700-0800: 5,5,,END
FALSE,313@Somerset,1.30054,103.83812,$2 for 1st hr; $1 for sub. ½ hr,Aft 6pm: $4.50 for 1st 3hrs; $1.50 for sub. ½ hr,Same as weekdays,$4.50 for 1st 3hrs; $1.50 for sub ½ hr,,0000-1759: 2; 1800-2359: 4.5,,0000-1759: 2; 1800-2359: 4.5,4.5,,END
FALSE,Angullia Park Off-Street,1.28944,103.84998,$1.00 /30 mins (Per Minute Charging),$0.50 /30 mins (Per Minute Charging),0700-1700 : $1.00 per 30 mins; 1700-0700: $0.50 per 30 mins (Per Minute Charging),$0.50 /30 mins (Per Minute Charging),1,,1,,1,,END
FALSE,Atrium @ Orchard,1.29888,103.84646,Mon-Thurs: 12am-5.59pm: $1.07 for 1st hr; $0.32 for sub. 15mins; Fri & Eve of PH: $1.07 for 1st hr; $0.32 for sub. 15mins,Mon-Thurs: 6pm-11.59pm: $2.14 per entry; Fri & Eve of PH: 6pm-2.59am (the next day): $2.14 per entry,3am-5.59pm: $2.14 for 1st 2 hrs; $0.32 for sub. 15mins; Aft 6pm: $2.14 per entry,3am-5.59pm: $2.14 for 1st 2hrs; $0.32 for sub. 15mins.  6pm-11.59pm: $2.14 per entry,,0000-1759: 1.07; 1800-2359: 2.14,,0300-1759: 2.14; 1800-0259: 2.14,,0300-1759: 2.14; 1800-2359: 2.14,END
FALSE,Cathay Cineleisure Orchard,1.3014,103.836922,From 7am: $2.40 for 1st hr; $1.40 for sub. ½ hr,Aft 6pm: $4.50 for 1st 3hrs; $1.60 for sub.½ hr,From 7am: $4.50 for 1st 3hrs; $1.60 for sub. ½ hr,Same as Saturday,,0700-1759: 2.4; 1800-0659: 4.5,,0700-2359: 4.5,1.60 f,0700-2359: 4.5,END
FALSE,ComCentre (Exeter Rd),1.29941,103.83877,7am-6pm: $3 for 1st hr; $1.50 for sub. ½ hr,6pm-6.59am: $3.50 per entry,7am-12.59pm: $3 for 1st hr; $1.50 for sub. ½ hr.  1pm-10pm: $3 for 1st 2hr; $1.20 for sub. ½ hr.,7am-10pm: $3 for 1st 2 hr; $1.20 for sub. ½ hr,,0700-1759: 3; 1800-0659: 3.5,,0700-1259: 3; 1300-2200 1pm-10pm: 3,3,,END
FALSE,Concorde Hotel,1.30103,103.842133,7am-6pm: $2.14 for 1st hr; $1.39 for sub. ½ hr,Aft 6pm: $3.75 per entry,Same as wkdays,$3.75 per entry,,0700-1759: 2.14; 1800-0659: 3.75,,0700-1759: 2.14; 1800-0659: 3.75,3.7,,END
FALSE,Delfi Orchard,1.30356,103.8348,8am-5pm: $3 for 1st hr; $1.93 for sub. ½ hr,5pm-11pm: $4.07 per entry (Car park closed at 11pm daily),Same as wkdays,8am-11pm: $4.07 per entry,,0800-1659: 3; 1700-2300: 4.07,,0800-1659: 3; 1700-2300: 4.07,,0800-2300: 4.07,END
FALSE,Elizabeth Hotel,1.30615,103.835968,7am-6pm: $4 for 1st hr; $2 for sub. ½ hr,Aft 6pm: $5 per entry,Same as wkdays,$5 per entry,,0700-1759: 4; 1800-0659: 5,,0700-1759: 4; 1800-0659: 5,5,,END
FALSE,Far East Plaza,1.30685,103.833321,8am-5pm: $2.14 for 1st hr; $1.07 for sub. ½ hr.,Aft 5pm: $3.53 per entry.,Same as wkdays,$3.53 per entry.,,0800-1659: 2.14; 1700-0759: 3.53,,0800-1659: 2.14; 1700-0759: 3.53,3.53,,END
FALSE,Far East Shopping Centre,1.30356,103.834801,8am-5pm: $2.57 per hr; $1.28 for sub. ½hr.,5pm-12am: $3.75 per entry; 12am-8am the following day: $3.75 per entry,Same as wkdays,8am-12am: $3.75 per entry; 12am-8am the folowing day : $3.75 per entry,,0800-1659: 2.57; 1700-2359: 3.75; 0000-0759: 3.75,,0800-1659: 2.57; 1700-2359: 3.75; 0000-0759: 3.75,3.75,,END
FALSE,Forum The Shopping Mall,1.30356,103.834801,6am-5pm: $2.40 for 1st hr; $1.20 for sub. ½ hr,Aft 5pm: $3.20 per entry,6am-5pm: $2.60 for 1st hr; $1.40 for sub. ½ hr. Aft 5pm: $3.20 per entry,$3.20 per entry,,0600-1659: 2.4; 1700-0559: 3.2,,6am-5pm: $2.60 for 1st hr; $1.40 for sub. � hr. Aft 5pm: $3.20 per entry,3.2,,END
FALSE,Four Seasons Hotel,1.30484,103.828949,6am-5pm: $6 for 1st hr; $3 for sub. ½ hr,Aft 5pm: $6 per entry,Same as wkdays,Same as wkdays,,0600-1659: 6; 1700-0559: 6,,0600-1659: 6; 1700-0559: 6,6 per ent,0600-1659: 6; 1700-0559: 6,END
FALSE,Goodwood Park Hotel,1.3073,103.833282,8am-6pm: $4 for 1st hr; $2 for sub. ½ hr,Aft 6pm: $5 per entry,Same as wkdays,$5 per entry,,0800-1759: 4; 1800-0759: 5,,0800-1759: 4; 1800-0759: 5,5,,END
FALSE,Grand Hyatt Singapore,1.3073,103.833282,4am-4.59pm: $3.21 for 1st hr; $1.07 for sub. ½ hr,Aft 5pm: $5.35 per entry,Same as wkdays,4am-3.59am: $5.35 per entry,,0400-1659: 3.21; 1700-0359: 5.35,,0400-1659: 3.21; 1700-0359: 5.35,5.35,,END
FALSE,Grand Park Orchard,1.30348,103.836761,8am-5pm: $3.50 for 1st hr; $1.50 for sub. ½ hr,Aft 5pm: $5 per entry,Same as wkdays,Same as wkdays,,0800-1659: 3.5; 1700-0759: 5,,0800-1659: 3.5; 1700-0759: 5,,0800-1659: 3.5; 1700-0759: 5,END
FALSE,Grange Road Off-Street,1.28944,103.84998,$1.00 /30 Mins (Per Minute Charging),$0.50 /30 mins (Per Minute Charging),0700-1700: $1.00 / per 30 mins. 1700-0700: $0.50 / per 30 mins (Per Minute Charging),$0.50 / 30 Mins. (Per Minute Charging),2,,,0700-1659: 2; 1700-0659: 1,1,,END
FALSE,Hilton Hotel,1.30356,103.834801,$7 per hr.,Aft 6pm: $7 per entry,Same as wkdays,Same as wkdays,7,,7,,7,,END
FALSE,Holiday Inn Express Singapore,1.30348,103.836761,$3 per ½ hr.,$3 per ½ hr.,Same as wkdays,Same as wkdays,6,,6,,6,,END
FALSE,Holiday Inn Singapore Orchard City Centre,1.30177,103.841568,$3 for 1st hr; $1.50 for sub. ½ hr,$3 for 1st hr; $1.50 for sub. ½ hr,Same as wkdays,Same as wkdays,3,,3,,3,,END
FALSE,International Building,1.30177,103.8348,Carpark not in use,Carpark not in use,Carpark not in use,Carpark not in use,C,,C,,C,,END
FALSE,ION Orchard,1.30285,103.833427,Mon-Thu: 8am-4.59pm: $2.67 for 1st hr; $0.64 for sub. 15 mins,Mon-Thu: 5pm-11.59pm: $3 per entry. 12am-7.59am $1.07 per hr,Fri/Sat-Sun/PH: 8am-4.59pm: $2.56 for 1st hr; $0.94 for sub. 15 mins. 5-11.59pm: $3.74 per entry. 12am-7.59am $1.07 per hour,Same as Saturday,,0800-1659: 2.67; 1700-2359: 3; 0000-0759: 1.07,,0800-1659: 2.56; 1700-2359: 3.74; 0000-0759: 1.07,,0800-1659: 2.56; 1700-2359: 3.74; 0000-0759: 1.07,END
FALSE,Liat Towers,1.30356,103.8348,7am-6pm: $2.50 for 1st hr; $1.30 for sub. ½ hr,6pm-12am: $3.50 per entry,Same as wkdays,Same as wkdays,,0700-1759: 2.5; 1800-2359: 3.5,,0700-1759: 2.5; 1800-2359: 3.5,,0700-1759: 2.5; 1800-2359: 3.5,END
FALSE,Lucky Plaza,1.3073,103.833282,7am-4.59pm: $1.93 for 1st hr; $1.28 for sub. ½ hr,Aft 5pm: $3.38 per entry,Same as wkdays,Sun: 7am-9.59pm: $1.93 for 1st hr; $1.28 for sub. ½ hr; 10pm-6.59am: $3.38 per entry. PH: $4 per entry (Does not applies if PH falls on Sun),,0700-1659: 1.93; 1700-0659: 3.38,,0700-1659: 1.93; 1700-0659: 3.38,,0700-0959: 1.93; 1000-1859: 3.38,END
FALSE,Mandarin Gallery,1.30356,103.8348,6am-6pm: $3.50 for 1st hr; $0.05 per min,6pm-6am: $3.50 for 1st hr; $0.03 per min,Same as wkdays,Same as wkdays,,0600-1759: 3.5; 1800-0559: 3.5,,0600-1759: 3.5; 1800-0559: 3.5,,0600-1759: 3.5; 1800-0559: 3.5,END
FALSE,Meritus Mandarin Singapore,1.30356,103.834801,6am-6pm: $3.50 for 1st hr; $1.30 for sub. ½ hr,Aft 6pm: $6 per entry,Same as wkdays,Same as wkdays,,0600-1759: 3.5; 1800-0559: 6,,0600-1759: 3.5; 1800-0559: 6,,0600-1759: 3.5; 1800-0559: 6,END
FALSE,Ngee Ann City,1.30356,103.8348,12.01am-12pm. 2.01pm-5pm: $1.28 for ½ hr . 12.01pm-2pm: $1.82 for ½ hr,5.01pm-7pm:$1.82 for ½ hr; Aft 7pm: $4.28 per entry,12.01am-12pm. 2.01pm-5pm: $2.57 for 1st hr; $1.61 for sub. ½ hr. 12.01pm-2pm. 5.01pm-7pm: $3.64 for 1st hr; $2.14 for sub. ½ hr. Aft 7pm: $4.28 per entry,Same as Saturday,,0001-1200: 1.28; 1201-1400: 1.82; 1401-1700: 1.28; 1701-1900: 1.82; 1901-0000: 4.28,,0001-1200: 2.57; 1201-1400: 3.64; 1401-1700: 2.57; 1701-1900: 3.64; 1901-0000: 4.28 ,,0001-1200: 2.57; 1201-1400: 3.64; 1401-1700: 2.57; 1701-1900: 3.64; 1901-0000: 4.28 ,END
FALSE,OG Orchard Point,1.30147,103.84083,7am-10.59pm:$2 for 1st hr or part thereof; $1.50 per sub. ½ hr or part thereof.,11pm-6.59am: $2 per ½ hr or part thereof.,Same as wkdays,Same as wkdays,,0700-2259:  2; 2300-0659: 4 ,,0700-2259:  2; 2300-0659: 4 ,,0700-2259:  2; 2300-0659: 4 ,END
FALSE,Orchard Building,1.30079,103.83505,7am-5pm: $2.20 for 1st hr; $1.20 for sub. ½ hr (Car park closed at 1am daily ),5pm-1am: $3.60 per entry,Same as wkdays,7am-5pm: $3.60 for 1st 3hrs; $1.20 for sub. ½ hr; 5pm-1am: $3.60 per entry,,0700-1659: 2.2; 1700-0059: 3.6,,0700-1659: 2.2; 1700-0059: 3.6,,0700-1659: 3.6; 1700-0059: 3.6,END
FALSE,Orchard Central,1.30356,103.8348,2am-6pm: $2 for 1st hr; $1 for sub. ½ hr,6pm-2am: $4.50 for 1st 3hrs; $1.50 for sub. ½ hr,Same as wkdays,2am-2am: $4.50 for 1st 3hrs; $1.50 for sub. ½ hr,,0200-1759: 2; 1800-0159: 4.5,,0200-1759: 2; 1800-0159: 4.5,4.5,,END
FALSE,Orchard Hotel Shopping Arcade,1.30356,103.834801,7am-6pm: $5 for 1st hr; $1.50 for sub. ½ hr,Aft 6pm: $5.50 per entry,Same as wkdays,$5 per entry,,0700-1759: 5; 1800-0659: 5.5,,0700-1759: 5; 1800-0659: 5.5,5,,END
FALSE,Orchard Parade Hotel,1.30603,103.826729,$4 for 1st hr; $1.50 for sub. ½ hr,$4 for 1st hr; $1.50 for sub. ½ hr,Same as wkdays,Same as wkdays,4,,4,,4,,END
FALSE,Orchard Plaza,1.30356,103.834801,7am-5pm: $1.39 for ½ hr,Aft 5pm: $3.85 per entry for 1st 3 hrs; $1.39 for sub. ½ hr,Same as wkdays,Same as wkdays,,0700-1659: 1.39; 1700-0659: 3.85,,0700-1659: 1.39; 1700-0659: 3.85,,0700-1659: 1.39; 1700-0659: 3.85,END
FALSE,Orchard Towers,1.3072,103.8295,7am-5.59pm: $5 per hr,6pm-1.59am: $9 per entry. After 2am: $9 per entry,Same as wkdays,7am-1.59pm: $9 per entry. 2am-6.59pm: $9 per entry,,0700-1759: 5; 1800-0159: 9; 0200-0659: 9,,0700-1759: 5; 1800-0159: 9; 0200-0659: 9,9,,END
FALSE,orchardgateway,1.3005,103.838287,12am-5.59pm: $3 for 1st 1½ hrs or part thereof; $1.50 for sub. ½ hr or part thereof.,6pm-11.59pm: $4.80 1st 2½ hrs or part thereof; $1.80 for sub. ½ hr or part thereof.,$4.80 1st 2½ hrs or part thereof; $1.80 for sub. ½ hr or part thereof.,Same as Saturday,,0000-1759: 3; 1800-2359: 4.8,4.8,,4.8,,END
FALSE,Pacific Plaza,1.3073,103.83328,8am-6pm: $1.50 per ½ hr,Aft 6pm: $3 for 1st 2hrs; $1 for sub. ½ hr,Same as wkdays,Same as wkdays,,0800-1759: 1.5; 1800-0759: 3,,0800-1759: 1.5; 1800-0759: 3,,0800-1759: 1.5; 1800-0759: 3,END
FALSE,Palais Renaissance,1.30356,103.8348,7am-5pm: $2.80 for 1st hr; $1.60 for sub. ½ hr,5pm-1am: $3.80 per entry; Aft 1am: $1.50 per hr,Same as wkdays,7am-1am: $3.80 per 4-hourly; 1am-7am: $1.50 per hr,,0700-1659: 2.8; 1700-0059: 3.8; 0100-0659: 1.5,,0700-1659: 2.8; 1700-0059: 3.8; 0100-0659: 1.5,,0700-0059: 3.8; 0100-0659: 1.5,END
FALSE,Pan Pacific Orchard,1.30742,103.829071,7am-5pm: $5 for 1st hr; $1.50 for sub. ½ hr,Aft 5pm: $5 per entry,Same as wkdays,$5 per entry,,0700-1659: 5; 1700-0659: 5,,0700-1659: 5; 1700-0659: 5,5,,END
FALSE,Paragon Shopping Centre,1.30356,103.834801,3am-5.59pm: $2.58 for 1st hr; $1.48 for sub. ½ hr. Daily $2 surcharge from 9am-9pm.  Additional Peak Hr Surcharge of $1.28 from 12pm to 2:30pm daily.,Aft 6pm: $3.48 per entry. Daily $2 surcharge from 9am-9pm.,Same as wkdays,3am-5.59pm: $3.48 for 1st 2hrs; $0.05 for sub. mins. Aft 6pm: $3.48 per entry. Daily $2 surcharge from 9am-9pm.  Additional Peak Hr Surcharge of $1.28 from 12pm to 2:30pm daily.,,0800-1759: 2.58; 1800-0759: 3.48,,0800-1759: 2.58; 1800-0759: 3.48,,0300-1759: 3.48; 1800-0259: 3.48,END
FALSE,Penang Road Off-Street,1.28944,103.84998,$1.00 / 30 mins (Per Minute Charging),$0.50 / 30 mins (Per Minute Charging),0700-1700 : $1.00 / per 30 mins. 1700-0700: $0.50 / per 30 mins (Per Minute Charging),$0.50 / 30 mins (Per Minute Charging),1,,1,,1,,END
FALSE,Plaza Singapura,1.30042,103.8452,Mon-Thu:$1.07 for 1st hr; $0.32 for sub. 15mins.  Fri & Eve of PH: $2.14 for 1st 2 hr; $0.32 for sub. 15mins.,Mon-Thu: 6pm-11.59pm: $2.14 per entry; Fri & Eve of PH: 6pm-2.59am: $2.14 per entry,3am-5.59pm: $2.14 for 1st 2hrs; $0.32 for sub. 15mins; Aft 6pm: $2.14 per entry,3am-5.59pm: $2.14 for 1st 2hrs; $0.32 for sub. 15mins. 6pm-11.59pm: $2.14 per entry,, 0000-1759: 1.07; 1800-2359: 2.14,,0300-1759: 2.14; 1800-0259: 2.14,,0300-1759: 2.14; 1800-2359: 2.14,END
FALSE,Regent Hotel,1.30505,103.826332,7am-6pm: $5 for 1st hr; $2.50 for sub. ½ hr,Aft 6pm: $6 per entry,Same as wkdays,Same as wkdays,,0700-1759: 5; 1800-0659: 6,,0700-1759: 5; 1800-0659: 6,,0700-1759: 5; 1800-0659: 6,END
FALSE,Royal Plaza On Scotts,1.3073,103.833282,8am-6pm: $4 for 1st hr; $1.50 for sub. ½ hr,Aft 6pm: $5.50 per entry,Same as wkdays,$5.50 per entry,,0800-1759: 4; 1800-0759: 5.5,,0800-1759: 4; 1800-0759: 5.5,5.5,,END
FALSE,Scape,1.28944,103.84998,7am-4.59pm: $1.95 per hr,5pm-6.59am: $4.90 for 1st 3hrs; $1.95 for sub. hr,All day: $1.95 per hr or part thereof.,7am-4.59pm: $1.95 per hr. 5pm-6.59am: $4.90 for 1st 3hrs; $1.95 for sub. hr.,,0700-1659: 1.95; 1700-0659: 4.9,1.95,,,0700-1659: 1.95; 1700-0659: 4.9,END
FALSE,Shangri-la Hotel,1.311,103.826302,7am-5pm: $6 for 1st hr; $2 for sub. ½ hr,Aft 5pm: $8 per entry,Same as wkdays,Same as wkdays,,0700-1659: 6; 1700-0659: 8,,0700-1659: 6; 1700-0659: 8,,0700-1659: 6; 1700-0659: 8,END
FALSE,Shaw Centre,1.3073,103.83328,3.01am-6pm: $2 for 1st hr; $1.50 for sub. ½ hr,6.01pm-3.01am: $4 per entry,Same as wkdays,Same as wkdays,,0301-1800: 2; 1801-0300: 4,,0301-1800: 2; 1801-0300: 4,,0301-1800: 2; 1801-0300: 4,END
FALSE,Shaw House,1.30356,103.8348,3.01am-6pm: $2 for 1st hr; $1.50 for sub. ½ hr,6.01pm-3.01am: $4 per entry,Same as wkdays,Same as wkdays,,0301-1800: 2; 1801-0300: 4 ,,0301-1800: 2; 1801-0300: 4 ,,0301-1800: 2; 1801-0300: 4 ,END
FALSE,Sheraton Towers Singapore,1.31074,103.835793,7am-6pm: $4 for 1st hr; $2 for sub. ½ hr,Aft 6pm: $6 per entry,Same as wkdays,$6 per entry,,0700-1759: 4; 1800-0659: 6,,0700-1759: 4; 1800-0659: 6,6,0700-1759: 4; 1800-0659: 6,END
FALSE,Singapore Marriott Hotel,1.30537,103.83316,6am-6pm: $0.05 per min/$3 per hr,Aft 6pm: $0.05 per min,Same as wkdays,Same as wkdays,3,,3,,3,,END
FALSE,Singapore Shopping Centre,1.29615,103.8439,8am-8pm: $2.50 for 1st hr; $1.25 for sub. ½ hr,Aft 8pm: $3 per entry,Same as wkdays,Same as wkdays,,0800-1959: 2.5; 2000-0759: 3,,0800-1959: 2.5; 2000-0759: 3,,0800-1959: 2.5; 2000-0759: 3,END
FALSE,Starhub Centre,1.30273,103.84071,7am-6pm: $2 for 1st hr; $1.50 for sub. ½ hr,6pm-7am the following day:$2.00 for 1st hr. $1.50 for next subq 1/2hr,Same as wkdays,Same as wkdays,,0700-1759: 2; 1800-0659: 2,,0700-1759: 2; 1800-0659: 2,,0700-1759: 2; 1800-0659: 2,END
FALSE,Tanglin Mall,1.30079,103.835052,6am-5pm: $2.40 for 1st hr; $1.20 for sub. ½ hr,Aft 5pm: $3.50 per entry,Charges same as wkdays. but $3.50 per entry after 1pm,$3.50 per entry,,0600-1659: 2.4; 1700-0659: 3.5,,0600-1259: 2.4; 1300-0659: 3.5Charges same as wkdays. but $3.50 per entry after 1pm,3.5,,END
FALSE,Tanglin Shopping Centre,1.30603,103.82673,8am-5.59pm: $3 for 1st hr; $1.75 for sub. ½ hr,Aft 6pm: $3.60 per entry,Same as wkdays,$3.60 per entry,,0800-1759: 3; 1800-0759: 3.6,,0800-1759: 3; 1800-0759: 3.6,3.6,,END
FALSE,Tangs,1.30537,103.83316,6am-6pm: $3 for 1st hr. $0.05/min,6pm-6am the following day: $6 Per entry,Same as wkdays,Same as wkdays,,0600-1759: 3; 1800-0559: 6,,0600-1759: 3; 1800-0559: 6,,0600-1759: 3; 1800-0559: 6,END
FALSE,The Cathay,1.299389,103.847397,8am-9:59am: $1.40 for ½ hr; 10am-9:59pm: $1.40 per hr,Aft 10pm: $3 per entry,8am-9:59pm: $1.40 per hr; Aft 10pm: $3 per entry,Same as Saturday,,0800-0959: 2.8; 1000-2159: 1.4; 2200-0759: 3,,0800-2159: 1.4; 2200-0759: 3,,0800-2159: 1.4; 2200-0759: 3,END
FALSE,The Centrepoint,1.30115,103.83945,7am-5pm: $2 for 1st hr; $1.50 sub. ½ hr,Aft 5pm: $2 for 1st hr; $1.50 sub. hr,Same as wkdays,$2 for 1st hr; $1.50 for sub. hr,,0700-1659: 2; 1700-0659: 2,,0700-1659: 2; 1700-0659: 2,2,,END
FALSE,The Heeren,1.30356,103.8348,8am-11pm: $1.50 per ½ hr,8am-11pm: $1.50 per ½ hr,8am-11pm: $5 for 1st 3 hrs and $1.50 for subseqent ½ hr,Same as Saturday,3,,,0800-2300: 5,,0800-2300: 5,END
FALSE,Traders Hotel,1.30419,103.823723,6am-5pm: $2.40 for 1st hr; $1.20 for sub. ½ hr,Aft 5pm: $3.50 per entry,Charges same as wkdays. but $3.50 per entry after 1pm,$3.50 per entry,,0600-1659: 2.4; 1700-0559: 3.5,,0600-1259: 2.4; 1300-0559: 3.5,3.5,,END
FALSE,TripleOne Somerset,1.30054,103.83812,7am-5.59pm: $1.50 per ½ hr (charges are before GST),6pm-11.59am: $1.80 per hr; 12am-6.59am:$0.50 sub 15 mins.,7am-5.59pm: $2 for 1st hr; $0.50 sub 15 mins. 6pm-11.59am: $1.80 per hr; 12am-6.59am:$0.50 sub 15 mins.,7am-11.59pm: $1.80 per hr; 12am-6.59am:$0.50 sub 15 mins.,,0700-1759: 3; 1800-2359: 1.8; 0000-0659: 2,,0700-1759: 2; 1800-2359: 1.8; 0000-0659: 2,,0700-2359: 1.8; 0000-0659: 2,END
FALSE,Wheelock Place,1.30356,103.834801,8am-6pm: $3 for 1st hr; $1.50 for sub. ½ hr,Aft 6pm: $4.50 per entry,Same as wkdays,Same as wkdays,,0800-1759: 3; 1800-0759: 4.5,,0800-1759: 3; 1800-0759: 4.5,,0800-1759: 3; 1800-0759: 4.5,END
FALSE,Winsland House,1.29933,103.84039,7am-7pm: $2.50 for 1st hr; $1.20 for sub. ½ hr,7pm-11pm: $3.50 per entry. Aft 11pm: $3.50 per entry,Same as wkdays,7am-11pm: $4.50 per entry. Aft 11pm: $3.50 per entry,,0700-1859: 2.5; 1900-2259: 3.5; 2300-0659: 3.5,,0700-1859: 2.5; 1900-2259: 3.5; 2300-0659: 3.5,,0700-2259: 4.5; 2300-0659: 3.5,END
FALSE,Wisma Atria,1.30356,103.834801,7am-5pm: $2.40 for 1st hr; $1.20 for sub. ½ hr (Lunch Hr Surcharge of additional $1.07 between 12pm - 2pm),Aft 5pm: $3.50 per entry,$3.60 for 1st 2hrs; $0.80 for sub. ½ hr,Same as Saturday,,0700-1659: 2.4; 1700-0659: 3.5,3.6,,3.6,,END
FALSE,York Hotel,1.30615,103.835968,8.01am-6pm: $4 for 1st hr; $2 for sub. ½ hr,Aft 6pm: $5 per entry,Same as wkdays,$5 per entry,,0801-1800: 4; 1801-0800: 5,,0801-1800: 4; 1801-0800: 5,5,,END
FALSE,Changi Chapel and Museum (The Changi Museum),1.3618,103.9719,Free daily,-,-,-,F,,F,,F,,END
FALSE,Chinatown Heritage Centre,1.28333,103.84445,Parking is available at the public car park adjacent to the Buddha Tooth Relic Temple. URA centre and People's Park Centre.,-,-,-,C,,C,,C,,END
FALSE,Chinese Garden,1.33784,103.72639,6am-6pm: Free 1st hr; $0.50 for sub. ½ hr,Aft 6pm: $0.50 per ½ hr,Same as wkdays,Same as wkdays,,0600-1759: F; 1800-0559: 1,,0600-1759: F; 1800-0559: 1,,0600-1759: F; 1800-0559: 1,END
FALSE,Haw Par Villa,1.28073,103.785027,Daily(9am-7pm): $5 per entry (Car park closed after 7pm),-,-,-,,0900-1859: 5 ,,0900-1859: 5 ,,0900-1859: 5 ,END
FALSE,Hay Dairies Goat Farm,1.43219,103.70888,Free daily: 9am-4pm,-,-,-,,0900-1559: F,,0900-1559: F,,0900-1559: F,END
FALSE,Jurong Bird Park,1.32,103.70844,Daily(8am-5pm): $2 per entry,-,-,-,,0800-1700: 2,,0800-1700: 2,,0800-1700: 2,END
FALSE,Labrador Secret Tunnel ( Labrador Park ),1.28944,103.84998,Free daily,-,-,-,F,,F,,F,,END
FALSE,Mandai Orchid Garden,1.3873,103.7296,Free daily,-,-,-,F,,F,,F,,END
FALSE,Memories at Old Ford Factory,1.35542,103.76874,Daily free parking at Carparks C and D,-,-,-,F,,F,,F,,END
FALSE,Mount Faber (Jewel Box),1.26983,103.82177,Limited public parking spaces availiable. Valet parking at The Jewel Box is available at $5 per car,-,-,-,5,,5,,5,,END
FALSE,National Museum of Singapore,1.29497,103.84978,Limited parking facility is available at the National Museum. Other parking facilities are available at YMCA. Singapore Management University and Fort Canning Park,-,-,-,C,,C,,C,-,END
FALSE,Reflections at Bukit Chandu,1.27781,103.79436,Daily free parking at Carparks C and D of Pepys Road,-,-,-,F,,F,,F,,END
FALSE,Resorts World Sentosa - Universal Studios Singapore (RWS B1 car park),1.2539,103.820389,Mon-Thu: 7am-7pm: $7 for 1st hr; $1 for sub. ½ hr or part thereof. (Max: $28 per 24 hrs),Aft 7pm: $6 per entry,Fri/Sat-Sun/PH: 7am-7pm: $8 for 1st hr; $2 for sub. ½ hr or part thereof.  Aft 7pm: $8 per entry (Max: $28 per 24 hrs),Same as Saturday,,0700-1859: 7; 1900-0659: 6,,0700-1859: 8; 1900-0659: 8,,0700-1859: 8; 1900-0659: 8,END
FALSE,Royal Selangor Pewter Museum ( Park at Clarke Quay),1.29137,103.84528,$2.20 for 1st hr; $1.10 for sub. ½ hr (Car park at Clarke Quay),Aft 5pm: $2.50 per entry,Same as wkdays,$2.50 per entry,,0000-1659: 2.2; 1700-2359: 2.5,,0000-1659: 2.2; 1700-2359: 2.5,2.5,,END
FALSE,Sentosa (Beach and Imbiah car park),1.25428,103.8172,7am-5pm: Island Entry: $6 per car*; Parking - $3 for 1st 4hrs; $1 for sub. hr. Except 12pm-2pm: Island Entry $2 per car*. free parking. *Rates covers all passengers in car,5.01pm-6.59am: Island entry: $2 per car*; parking - $1 per entry,7am-5pm: Island entry: $7 per car*; Parking - $5 for 1st 4 hrs; $2 for sub. hr; 5.01pm-6.59am: $3 per car*; parking - $2 per entry,Same as Saturday,,0700-1159: 3; 1200-1359: F; 1400-1700: 3; 1701-0659: 1,,0700-1659: 5; 1700-0659: 2,,0700-1659: 5; 1700-0659: 2,END
FALSE,Sentosa (Tanjong & Palawan car park),1.24362,103.82797,7am-5pm: Island Entry: $6 per car*; Parking - $3 for 1st 8hrs; $1 for sub. hr. Except 12pm-2pm: Island Entry $2 per car*. free parking. *Rates covers all passengers in car,5.01pm-6.59am: Island entry: $2 per car*; parking - $1 per entry,7am-5pm: Island entry: $7 per car*; Parking - $3 for 1st 8hrs; $1 for sub. hr; 5.01pm-6.59am: $3 per car*; parking - $1 per entry,Same as Saturday,,0700-1159: 3; 1200-1359: F; 1400-1700:3; 1701-0659: 1,,0700-1700: 3; 1701-0659: 1,,0700-1700: 3; 1701-0659: 1,END
FALSE,Singapore Art Museum,1.29729,103.85035,Parking at SAM reserved for cars with NHB parking labels.  Nearest Carparks available at Waterloo Street. Queen Street. NTUC Income Centre. Plaza by the Park and Singapore Management University.,-,-,-,C,,C,,C,,END
FALSE,Singapore Botanic Gardens,1.3112,103.81757,7am-10.30pm: $0.02 per min (8am-9am: $1 peak hr charge for all passing vehicles that enter from Kheam Hock Road and exit at Evans/Cluny Road) - Closed from 12am-5am daily,7pm-10.30pm: $2 per maximum cap,Same as wkdays,Same as wkdays,,0700-2230: 1.2,,0700-2230: 1.2,,0700-2230: 1.2,END
FALSE,Singapore City Gallery (URA centre),1.27996,103.84461,6am-10pm: $1.10 per ½ hr (per min charging) Public parking is also available at the Erskine Road Off-Street Carpark next to Maxwell Road Food Centre.,10pm-6am: $3 per entry,Same as wkdays,6am-10pm: $0.55 per ½ hr (per min charging); Aft 10pm: $3 per entry,,0600-2159: 2.2; 2200-0559: 3,,0600-2159: 2.2; 2200-0559: 3,,0600-2159: 1.1; 2200-0559: 3,END
FALSE,Singapore Flyer,1.29021,103.85951,6am-6pm: $2 per hr or part thereof. Free Lunchtime Parking from 12pm to 2pm (only valid for vehicles entering the multi-storey carpark after 12pm).,6pm-6am:$2 per entry.,6am-12midnight: $2 per hr or part thereof. 12midnight- 6am: $2 per entry.,Same as Saturday,,0600-1159: 2; 1200-1359: F; 1400- 1759: 2; 1800-0559: 2,,0600-2359: 2; 0000-0559: 2,,0600-2359: 2; 0000-0559: 2,END
FALSE,Singapore Mint Coin Gallery,1.32416,103.74054,Wkdays free: 8.30am-4.30pm,-,-,-,,0830-1630: F,C,,C,,END
FALSE,Singapore Philatelic Museum,1.29288,103.84899,URA coupon parking. Nearest car park at Armenian Street between Bible House and Peranakan Museum,-,-,-,C,,C,,C,,END
FALSE,Singapore Science centre/Singapore Discovery Centre / Snow City,1.33026,103.73865,Daily: $0.50 per ½ hour,-,-,-,1,,1,,1,,END
FALSE,Singapore Turf Club (STC),1.4172,103.76311,Daily: $5 per entry,-,-,-,5,Daily: $5 per entry; -,5,,5,,END
FALSE,Singapore Zoological gardens/Night Safari,1.404971,103.79068,Daily: $3 for 1st hr; $2 sub. hr or part thereof. 4th hour onwards: $8.00 flat rate (maximum),-,-,-,3,,3,,3,,END
FALSE,Sungei Buloh Wetland Reserve,1.44065,103.72806,Daily free: 7am-7pm,-,-,-,,0700-1900: F,,0700-1900: F,,0700-1900: F,END
FALSE,The Arts House (Park at New Parliament House),1.28861,103.85141,Available at current Parliament House. The Adelphi and the road side along Empress Place,-,-,-,C,,C,,C,,END
FALSE,The Battle Box ( Park at Fort Canning,1.29515,103.84655,URA coupon parking,-,-,-,C,,C,,C,,END
FALSE,Underwater World Singapore,1.25807,103.81436,Mon-Thu: 7am-11.59pm: $7.50 for 1st 3 hrs; $5 per hr or part thereof,Mon-Thu: 12am-06.59am: $20 per entry,Fri-Sun incl. PH & Sch Holidays:7am-11.59pm: $9 for 1st 3 hrs; $5 per hr or part thereof. 12am-06.59am: $20 per entry,Fri-Sun incl. PH & Sch Holidays:7am-11.59pm: $9 for 1st 3 hrs; $5 per hr or part thereof. 12am-06.59am: $20 per entry,,0700-2359:7.5; 0000-0659: 20,,0700-2359: 9; 0000-0659: 20 ,,0700-2359: 9; 0000-0659: 20,END
FALSE,10 Raeburn Park,1.27321,103.83502,$1.07 per hr,1700-2300:- $2.14 per entry. 2300-0800: $1.07 per hr,0800-1700: $1.07 per hr. 1700-2300: $2.14 per entry. 2300-0800: $1.07 per hr,$1.07 per hr,,0801-1659: 1.07; 1700-2300: 3.21; 2301-0800: 2.14,,0801-1659: 1.07; 1700-2300: 3.21; 2301-0800: 2.14,1.07,,END
FALSE,1557 Keppel Road,1.27339,103.84035,0700-1900:$1.29 for 1st hr. $0.43 /15 mins thereafter,1900-0700: $2.14 /Entry,0700-1300:-$1.29 for 1st hr. $0.43 per 15 mins thereafter; 1300-0700: $2.14 /Entry,$2.14 / Entry,,0700-1900: 1.29; 1901-0659: 2.14,,0700-1300: 1.29; 1301-0659: 2.14,2.14,,END
FALSE,34 Boon Leat Terrace,1.27568,103.79699,$0.80 / 30 mins,1800-2200: $2.50 per entry. 2200-0700: $4.00 per entry,0700-1300: $0.80 /30 mins. 1300-0700: $4.00 /entry,$4.00 / entry,,0701-1759: 1.6; 1800-2200: 2.5; 2201-0700: 4,,0700-1300: 1.6; 1301-0700: 4,4,,END
FALSE,798 Upper Bukit Timah Road,1.37126,103.76344,0000-0700: $2.14 /30 mins. 0700-0000: $1.07 /30 mins.,-,-,-,,0000-0700: 4.24; 0701-2359: 2.14,,0000-0700: 4.24; 0701-2359: 2.14,,0000-0700: 4.24; 0701-2359: 2.14,END
FALSE,8 Shenton Way,1.27443,103.84701,7am-6pm: $2.30 per ½ hr,Aft 6pm: $2.80 per entry,Charges same as wkdays but $2.80 per entry after 1pm,$2.80 per entry,,0700-1800: 4.6; 1801-0659: 2.8,,0700-1300: 4.6; 1301-0659: 2.8,2.8,,END
FALSE,Amara Hotel,1.2742,103.844032,8am-4.59pm: $2 per ½ hr,5pm-7.59am (the following day) : $3 per entry,Same as wkdays,$3 per entry,,0800-1659: 4; 1700-0759: 3,,0800-1659: 4; 1700-0759: 3,3,,END
FALSE,Asia Square,1.27762,103.85107,7am-5.59pm: $0.08 per min,6pm onwards: $3 per entry,7am-6.59am (next day): $3 per entry,Same as Saturday,,0700-1759: 4.8; 1801-0659: 3,3,,3,,END
FALSE,Bangkok Bank Building,1.28023,103.84916,7am-7pm: $2 for 1st ½ hr; $4 for sub. hr,7am-7pm: $2 for 1st ½ hr; $4 for sub. hr,Charges same as wkdays but Closed at 3pm,Closed,,0700-1859: 2,,0700-1500: 2,C,,END
FALSE,Bayfront Avenue,1.28944,103.84998,7am-6pm: $3 per hr,Aft 6pm: $1.20 per hr,7am-1pm: $3 per hr. Aft 1pm: $1.20 per hr,$1.20 per hr,,0700-1759: 3; 1800-0659: 1.2,,0700-1259: 3; 1300-0659: 1.2,1.2,,END
FALSE,Berjaya Hotel,1.28417,103.845207,8.30am-5pm: $1 per ½ hr,5pm-10pm: $1 per hr; Aft 10pm: Free,Same as wkdays,8.30am-10pm: $1 per hr. Aft 10pm: Free,,0830-1659: 1; 1700-2159: 1; 2200-0829: F,,0830-1659: 1; 1700-2159: 1; 2200-0829: F,,0830-2159: 1; 2200-0829: F,END
FALSE,Bugis Junction,1.29823,103.85392,8am-5pm: $1.07 for 1st hr; $0.37 for sub. 10mins,Mon-Thu: Aft 5pm: $2.50 per entry. Fri: $2.50 for 1st 2hrs; $0.37 for sub. 10 mins,$2.50 for 1st 2hrs; $0.37 for sub. 10 mins,Same as Saturday,,0800-1659: 1.07; 1700-0759: 2.50,2.5,,2.5,,END
FALSE,Burlington Square,1.30086,103.85193,7am-5pm: $0.04 per min,Aft 5pm: $2.20 per entry,$0.06 per min,Same as Saturday,,0700-1659: 2.4; 1700-0659: 2.2,3.6,,3.6,,END
FALSE,CapitaCommercial Trust (CCT),1.30086,1.30086,$2.05 per ½ hr,Aft 5pm: $3.10 per ½,Charges same as wkdays but $3.10 per ½ hr after 1pm,$3.10 per ½ hr,,0000-1659: 2.05; 1700-2359: 6.2,,0000-1259: 2.05; 1300-2359: 6.2,6.2,,END
FALSE,Capital Square,1.28434,103.84913,8am-6pm: $2.20 for ½ hr or part thereof.,6pm-8am: $3.20 per entry,Charges same as wkdays but $3.20 per entry after 1pm,$3.20 per entry,,0800-1759: 4.4; 1800-0759: 3.2,,0800-1259: 4.4; 1300-0759: 3.2 ,3.2,,END
FALSE,Capital Tower,1.28023,103.84916,7am-6pm: $2.80 per ½ hr,Aft 6pm: $3.20 per entry,Charges same as wkdays but $3.20 per entry after 1pm,$3.20 per entry,,0700-1759: 5.6; 1800-0659: 3.2,,0700-1459: 5.6; 1300-0659: 3.2,3.2,,END
FALSE,Carlton Hotel,1.29453,103.853912,7am-6pm: $3 for 1st hr; $1.50 for for sub. ½ hr,Aft 6pm: $6 per entry,Same as wkdays,Same as wkdays,,0700-1759: 3; 1800-0659: 6,,0700-1759: 3; 1800-0659: 6,,0700-1759: 3; 1800-0659: 6,END
FALSE,Central Mall,1.28895,103.84231,6am-5pm: $2.00 for 1st hr; $1.00 for sub. ½ hr,Aft 5pm: $3.00 per entry,Same as wkdays,$3.00 per entry,,0600-1659: 2; 1700-0559: 3,,0600-1659: 2; 1700-0559: 3,3,,END
FALSE,Central ,1.28841,103.84679,6am-5pm: $2.20 for 1st hr; $1.10 for sub. ½ hr or part thereof,Aft 5pm: $3.50 per entry,Same as wkdays,$3.50 per entry,,0600-1659: 2.2; 1700-0559: 3.5,,0600-1659: 2.2; 1700-0559: 3.5,3.5,,END
FALSE,Chijmes,1.29823,103.85392,8am-5.59am :$2.20 for 1st hr; $0.55 for sub. 15 mins.,6pm-5.59am: (Valet Parking Only) Valet Charge $4 per entry. Carpark charges: $4 per hr.,Same as wkdays,Same as wkdays,,0800-1759: 2.2 ,,0800-1759: 2.2; ,,0800-1759: 2.2,END
FALSE,China Square Central,1.2829,103.84735,8am-6pm: $1.80 per ½ hr or part thereof.,Aft 6pm: $3 per entry.  (12 midnight-6am: Closed),$3 per entry. (12 midnight-6am: Closed),Same as Saturday,,0800-1759: 1.8; 1800-2359: 3,,0600-2359: 3,,0600-2359: 3,END
FALSE,Chinatown Point,1.2857,103.844749,7am-5pm: $1.20 per ½ hr,Aft 5pm: $2.50 per entry,Same as wkdays,$2.50 per entry,,0700-1659: 2.4; 1700-0659: 2.5,,0700-1659: 2.4; 1700-0659: 2.5,2.5,,END
FALSE,Clarke Quay,1.29206,103.844978,7am-11.59am; 3pm-4.59pm: $2.14 for 1st 2hrs; $1.07 for sub. hr (Free parking between 12pm-2.59pm),Aft 5pm: $2.14 for 1st hr; $1.07 for sub. hr (Cap at $5.35),7am-4.59pm: $2.14 for 1st 2hrs; $1.07 for sub. hr; Aft 5pm: $2.14 for 1st hr; $1.07 for sub. hr (Cap at $5.35),$2.68 per entry,,0700-1159: 2.14; 1200-1459: F; 1500-0659: 2.14,,0700-1659:  2.14; 1700-0659: 2.14,2.68,,END
FALSE,Clifford Centre,1.28454,103.85203,6am-5pm: $5 per hr  (Car park closed at 11pm daily from Mon-Sat),5pm-11pm: $3 per entry,Same as wkdays,Same as wkdays,,0600-1659: 5; 1700-2300: 3,,0600-1659: 5; 1700-2300: 3,,0600-1659: 5; 1700-2300: 3,END
FALSE,Conrad Centennial Singapore,1.29438,103.858772,7am-6pm: $3.30 for 1st hr; $1.10 for sub.½ hr,Aft 6pm: $2.20 per entry,$2.20 for 1st 2hrs; $1.10 for sub. hr,Same as Saturday,,0700-1759: 3.3; 1800-0659: 2.2,2.2,,2.2,,END
FALSE,Copthorne King's Hotel,1.28829,103.83699,7am-12am: $3 for 1st hr; $1.50 for sub ½ hr,Aft 12am: $4 for 1st hr; $2 for sub ½ hr,Same as wkdays,Same as wkdays,,0700-2359: 3; 0000-0659: 4,,0700-2359: 3; 0000-0659: 4,,0700-2359: 3; 0000-0659: 4,END
FALSE,Copthorne Orchid Hotel,1.3261,103.823967,8am-5pm: $1.50 for 1st hr; $1 for sub. hr. per day $20),Aft 5pm: $3 per entry,Same as wkdays,Same as wkdays,,0800-1659: 1.5; 1700-0759: 3,,0800-1659: 1.5; 1700-0759: 3,,0800-1659: 1.5; 1700-0759: 3,END
FALSE,CPF Building Robinson Road,1.27949,103.84919,6am-5pm: $1.50 per ½ hr,Closed at 5pm. Cars remaining from 5pm onward will be charged an additional flat rate of $5,6am-1pm : $1.50 per ½ hr. Closed at 1:00pm. Cars remaining from 1:00pm onward will be charged an additional flat rate of $5,Closed,,0600-1700: 3,,0600-1300: 3,C,,END
FALSE,DBS Building,1.27807,103.84938,6am-7pm: $2.57 per ½ hr,Aft 7pm: $2.57 per entry,6am-1pm: $2.57 per ½ hr; aft 1pm: $2.57 per entry,$2.57 per entry,,0600-1859: 5.14; 1900-0559: 2.57,,0600-1259: 5.14; 1300-0559: 2.57,2.57,,END
FALSE,Far East Square,1.28379,103.84788,6am-4.59pm: $2.14 per ½ hr,Aft 5pm: $3.21 per entry,$3.21 per entry,$3.21 per entry,,0600-1659: 4.28; 1700-0559: 3.21,3.21,,3.21,,END
FALSE,Far Eastern Bank Building,1.27975,103.84836,7am-6pm: $2.30 per ½ hr,Aft 6.30pm: $3.20 per entry,Charges same as wkdays but $3.20 per entry after 1pm,Closed,,0700-1759: 4.6; 1800-0659: 3.2,,0700-1259: 4.6; 1300-0659: 3.2,C,,END
FALSE,Fortune Centre,1.30012,103.85199,7am-7pm: $3.22 per hr,Aft 7pm: $3.21 per entry,Same as wkdays,Same as wkdays,,0700-1859: 3.22; 1900-0659: 3.21,,0700-1859: 3.22; 1900-0659: 3.21,,0700-1859: 3.22; 1900-0659: 3.21,END
FALSE,Fu Lu Shou Complex,1.30175,103.85474,8am-5pm: $2.40 per hr,Aft 5pm: $2.20 per entry (Car park closed at 12.30am daily),Same as wkdays,Same as wkdays,,0800-1659: 2.4; 1700-0030: 2.2,,0800-1659: 2.4; 1700-0030: 2.2,,0800-1659: 2.4; 1700-0030: 2.2,END
FALSE,Fullerton Hotel,1.28588,103.85278,7am-6pm: $2.20 per ½ hr,After 6pm: $5 per entry,$5 per entry,$5 per entry,,0700-1759: 4.4; 1800-0659: 5,5,,5,,END
FALSE,Funan DigitaLife Mall,1.29528,103.85321,12am-5.59pm: $2.14 for 1st hr; $0.54 for sub. 15mins,6pm-9.59pm: $2.14 per entry,Same as wkdays,Same as wkdays,,0000-1759: 2.14; 1800-2159: 2.14,,0000-1759: 2.14; 1800-2159: 2.14,,0000-1759: 2.14; 1800-2159: 2.14,END
FALSE,Furama City Centre Singapore,1.2858,103.844597,5am-5pm: $1.40 for 1st ½ hr; $1.50 for sub. ½ hr,Aft 5pm: $3 per entry,Same as wkdays,$3 per entry,,0500-1659: 2.8; 1700-0459: 3,,0500-1659: 2.8; 1700-0459: 3,3,,END
FALSE,Furama Riverfront Singapore,1.28848,103.836632,7am-5pm: $1 per ½ hr,Aft 5pm: $6 per entry,Same as wkdays,Same as wkdays,,0700-1659: 2; 1700-0659: 6,,0700-1659: 2; 1700-0659: 6,,0700-1659: 2; 1700-0659: 6,END
FALSE,Gallery Hotel,1.2905,103.839073,12pm-2pm: $3 for 1st hr; $1 for sub. ½ hr; $2 for 1st hr. $0.50 for sub. ½ hr from 2.01pm to 6.00pm for Mon-Thu,6pm-11.59pm: $3 for 1st hr; $1 for sub. ½ hr; $2 for 1st hr; $0.50 for sub. ½ hr  from 12am-11.59am for Mon-Thu,6am-11.59pm: $3 for 1st hr; $0.50 for sub. ½ hr. $3 for 1st hr; $0.50 for sub. ½ hr from 12am-1.59am for Fri-Sun/PH,$2 for 1st hr; $0.50 for sub. ½ hr from 2.01am-6am for Fri-Sun/PH,,1200-1400: 3; 1401-1800; 1801-2359: 3; 0000-1159: 2,,0600-2359: 3; 0000-0159: 3,,0201-0600: 2,END
FALSE,Gillman Barracks,1.27947,103.80479,$0.50 / 30 mins,From 1700: $2.00 / entry,0700-1800 - Free Parking; 1800-0700: $2/entry.,Free Parking,,0000-1659: 1; 1700: 2359: 2,,0700-1800: F; 1801-0659: 2,F,,END
FALSE,Golden Mile Complex,1.30288,103.861572,7am-6pm: $2 for 1st hr; $1 for sub. ½ hr,Aft 6pm: $2.20 per entry,Same as wkdays,$2.20 per entry,,0700-1759: 2; 1800-0659: 2.2,,0700-1759: 2; 1800-0659: 2.2,2.2,,END
FALSE,Golden Shoe Complex,1.28944,103.84998,7am-5pm: $2.60 per ½ hr,Aft 5pm: $3.30 per entry,Charges same as wkdays but $3.30 per entry after 1pm,$3.3 per entry,,0700-1659: 5.2; 1700-0659: 3.3,,0700-1259: 5.2; 1300-0659: 3.3 ,3.3,,END
FALSE,Grand Copthorne Waterfront Hotel,1.29159,103.835312,7am-5pm: $3.75 for 1st hr; $2.14 for sub. hr,Aft 5pm: $4.28 per entry,Same as wkdays,$4.28 per entry,,0700-1659: 3.75; 1700-0659: 4.28,,0700-1659: 3.75; 1700-0659: 4.28,4.28,,END
FALSE,Grand Pacific Hotel (Formerly Allson Hotel),1.3019,103.857018,7am-5pm: $1.32 per ½ hr,Aft 5pm: $3.57 per entry,Same as wkdays,$3.57 per entry,,0700-1659: 2.64; 1700-0659: 3.57,,0700-1659: 2.64; 1700-0659: 3.57,3.57,,END
FALSE,Grand Park City Hall,1.29266,103.850922,7am-5pm: $3.28 for 1st hr; $1.55 for sub. ½ hr,Aft 5pm: $5.35 per entry,Same as wkdays,Same as wkdays,,0700-1659: 3.28; 1700-0659: 5.35,,0700-1659: 3.28; 1700-0659: 5.35,,0700-1659: 3.28; 1700-0659: 5.35,END
FALSE,Great Eastern Centre,1.28509,103.84783,8am-6pm: $1.80 per ½ hr (Car park at China square central; B2 closed from 12am-6am daily),6pm-12am: $3 per entry,8am-12am: $3 per entry,Same as Saturday,,0800-1759: 3.6; 1800-2359: 3,,0800-2359: 3,,0800-2359: 3,END
FALSE,Great World City,1.29244,103.832199,6.01am-5pm: $1.55 per hr,Aft 5pm: $3.30 per entry,$1.65 per hr (Max. of $6.00 per entry),Same as Saturday,,0601-1700: 1.55; 1701-0600: 3.3,1.65,,1.65,,END
FALSE,Harbourfront Centre,1.26426,103.81974,7am-6pm: $1.20 for 1st hr; $0.60 for sub. ½ hr,6pm-1am: $2.40 per entry; Aft 1am: $2.04 per hr,Same as wkdays,Same as wkdays,,0700-1759: 1.2; 1800-0059: 2.4; 0100-0659: 2.04,,0700-1759: 1.2; 1800-0059: 2.4; 0100-0659: 2.04,,0700-1759: 1.2; 1800-0059: 2.4; 0100-0659: 2.04,END
FALSE,Holiday Inn Atrium Singapore,1.28332,103.83601,7am-5pm: $1.80 per hr,Aft 5pm: $3.80 per entry,Same as wkdays,$3.80 per entry,,0700-1659: 1.8; 1700-0659: 3.8,,0700-1659: 1.8; 1700-0659: 3.8,3.8,,END
FALSE,Hong Leong Building,1.28168,103.85116,7am-5pm: $2.50 per ½ hr,5pm-11pm: $3.10 per entry. Aft 11pm: Overnight Charge of $12,7am-1pm: $2.50 per ½ hr; 1pm-11pm: $3.10 per entry. Aft 11pm: Overnight Charge of $12,7am-11pm: $3.10 per entry. Aft 11pm: Overnight Charge of $12,,0700-1659: 5; 1700-2300: 3.1; 2301-0659: 12,,0700-1259: 5; 1300-2300: 3.1; 2301-0659: 12,,0700-2300: 3.1; 2301-0659: 12,END
FALSE,Hub Synergy Point (Formerly Apex tower),1.2742,103.84403,7am-6pm: $1 per ½ hr,6pm-12am: $1 per hr,7am-2pm: $1 per ½ hr; 2pm-12am: $1 per hr,7am-12am: $1 per hr,,0700-1759: 2; 1800-2359: 1,,0700-1359: 2; 1400-2359: 1,,0700-2359: 1,END
FALSE,Icon Village,1.27559,103.84394,7am-5pm: $1.50 per ½ hr,Aft 5pm: $3 per entry,7am-1pm: $3 per hr; Aft 1pm: $3 per entry,$3 per entry,,0700-1659: 3; 1700-0659: 3,,0700-1259: 3; 1300-0659: 3,3,,END
FALSE,Iluma,1.3019,103.85702,8am-5pm: $1.07 for 1st hr; $0.37 for sub. 10 mins,Mon-Thu: Aft 5pm: $2.50 per entry; Fri: $2.50 for 1st 2hrs; $0.25 for sub. 10 mins,$2.50 for 1st 2hrs; $0.25 for sub. 10 mins,Same as Saturday,,0800-1659: 1.07; 1700-0759: 2.5,2.5,,2.5,,END
FALSE,Income At Raffles ( former Hitachi tower),1.28439,103.852882,7.30am-5.59pm: $2.75 per ½ hr,6pm to 7.29am : $3.30 per entry,7.30am-12.59pm: $2.75 per ½ hr. 1.00pm-7.29am: $3.30 per entry,7.30am-7.29am: $3.30 per entry.,,0730-1759: 5.5; 1800-0729: 3.3,,0730-1259: 5.5; 1300-0729: 3.3,3.3,,END
FALSE,Inter-continental Singapore Hotel,1.29708,103.855759,8am-5pm: $1.07 for 1st hr; $0.37 for sub. 10mins,Mon-Thu: Aft 5pm: $2.50 per entry. Fri: $2.50 for 1st 2hrs; $0.25 for sub. 10 mins,$2.50 for 1st 2hrs; $0.25 for sub. 10 mins,Same as Saturday,,0800-1659: 1.07; 1700-0759: 2.5,2.5,,2.5,,END
FALSE,International Plaza,1.27624,103.845581,7am-5pm: $2.20 per ½ hr,Aft 5pm: $3 per entry,Charges same as wkdays. but $3 per entry after 3pm,$3 per entry,,0700-1659: 4.4; 1700-0659: 3,,0700-1459: 4.4; 1500-0659: 3,3,,END
FALSE,Keck Seng Tower,1.28023,103.84916,8am-6pm: $2.50 per ½ hr,6pm-10pm: $2.50 per entry,8am-2pm: $2.50 per ½ hr; 2pm-10pm: $2.50 per entry,Closed,,0800-1759: 5; 1800-2200: 2.5,,0800-1359: 5; 1400-2200: 2.5,C,,END
FALSE,Keppel Bay Tower / Harbourfront Tower One,1.26514,103.818062,7am-7pm: $1.05 per ½ hr,7pm-1am: $3.10 per entry; Aft 1am: $3.10 per hr,7am-1pm: $1.05 per ½ hr; 1pm-6pm: $1.20 for 1st hr; $0.60 for sub. ½ hr; 6pm-1am: $2.40 per entry; Aft 1am: $3.10 per hr,7am-6pm: $1.20 for 1st hr; $0.60 for sub. ½ hr; 6pm-1am: $2.40 per entry; Aft 1am: $3.10 per hr,,0700-1859: 2.1; 1900-0059: 3.1; 0100-0659: 3.1,,0700-1259: 2.1; 1300-1759: 1.2; 1800-0059: 2.4; 0100-0659: 3.1,,0700-1759: 1.2; 1800-0059: 2.4; 0100-0659: 3.1,END
FALSE,Keypoint,1.30203,103.862991,$1.10 for ½ hr,$2 per entry (close at midnight),Same as wkdays,$2 per entry,4.2,,4.2,,2,,END
FALSE,klapsons- The Boutique Hotel,1.27408,103.842201,6.30am to 6.30pm - first 3 hours at $3.00 and subsequent half an hour at $1.50,6.30pm to 6.30am - $ 4.00 flat,After 2pm - $4.00 flat,$4.00 flat,,0630-1829: 3; 1830-0629: 4,,140-2359: 4,4,,END
FALSE,Landmark Village Hotel,1.30225,103.85817,8am-5pm: $1.90 for 1st hr; $1.07 for sub. ½ hr,Aft 5pm: $2.14 per entry,Same as wkdays,$2.14 per entry,,0800-1659: 1.9; 1700-0759: 2.14,,0800-1659: 1.9; 1700-0759: 2.14,2.14,,END
FALSE,Liang Court,1.29206,103.84498,7am-5pm: $1.07 per hr,Aft 5pm: $3.21 per entry,7am-1pm: $1.07 per hr; Aft 1pm: $3.21 per entry,$3.21 per entry,,0700-1659: 1.07; 1700-0659: 3.21,,0700-1259: 1.07; 1300-0659: 3.21,3.21,,END
FALSE,M Hotel,1.27462,103.845467,7am-6pm: $1.50 per ½ hr,Aft 6pm: $3 per entry,Charges same as wkdays. but $3 per entry after 1pm,$3 per entry,3,,3,,3,,END
FALSE,Mandarin Oriental Hotel,1.29021,103.859512,Mon-Thu: 7am-5pm: $2.20 for 1st 2hrs; $1.10 per ½ hr for sub. ½ hr (Car Park at Marina Square),Mon-Thu: 5pm-2am: $2.20 per entry; 2am-7am: $1.10 per ½ hr,Fri/Sat-Sun/PH: 7am-2am :$2.40 for 1st 2 hrs; $1.20 per hr for sub. 2hrs; $1.40 per ½ hr for sub. ½ hr after 4 hrs of parking. 2am-7am: $1.10 per ½ hr,Same as Saturday,,0700-1659: 2.2; 1700-0159: 2.2; 0200-0659: 2.2,,0700-0159: 2.4; 0200-0659: 2.2,,0700-0159: 2.4; 0200-0659: 2.2,END
FALSE,Marina Bay Financial Centre Tower 1- 2 -3 & Marina Bay Link Mall,1.27579,103.850182,6am-6pm: $1.07 per 10 mins,Aft 6pm: $3.21 for 1st 4hrs; $0.27 for sub. 10 mins,$3.21 for 1st 4hrs; $0.27 for sub. 10 mins,Same as Saturday,,0600-1759: $6.42; 1800-0559: 3.21,3.21,,3.21,,END
FALSE,Marina Bay Sands,1.28099,103.858398,7am-7pm: $7 for 1st hr; $1 for sub.½ hr; (Capped at $26 every 24hrs),Aft 7pm: $7 per entry,Sat. Sun & Eve of PH: 7am-7pm: $8 for 1st hr; $1 for sub. ½ hr; Aft 7pm: $8 per entry,Same as Saturday,7,,,0700-1859: 8; 1900-0659: 8,,0700-1859: 8; 1900-0659: 8,END
FALSE,Marina Mandarin Hotel,1.29303,103.860268,Mon-Thu: 7am-5pm: $2.20 for 1st 2hrs; $1.10 per ½ hr for sub. ½ hr (Car Park at Marina Square),Mon-Thu: 5pm-2am: $2.20 per entry; 2am-7am: $1.10 per ½ hr,Fri/Sat-Sun/PH: 7am-2am :$2.40 for 1st 2 hrs; $1.20 per hr for sub. 2hrs; $1.40 per ½ hr for sub. ½ hr after 4 hrs of parking. 2am-7am: $1.10 per ½ hr,Same as Saturday,,0700-1659: 2.2; 1700-0159: 2.2; 0200-0659: 2.2,,0700-0159: 2.4; 0200-0659: 2.2,,0700-0159: 2.4; 0200-0659: 2.2,END
FALSE,Marina Square,1.29303,103.860268,Mon-Thu: 7am-5pm: $2.20 for 1st 2hrs; $1.10 per ½ hr for sub. ½ hr,Mon-Thu: 5pm-2am: $2.20 per entry; 2am-7am: $1.10 per ½ hr,Fri/Sat-Sun/PH: 7am-2am :$2.40 for 1st 2 hrs; $1.20 per hr for sub. 2hrs; $1.40 per ½ hr for sub. ½ hr after 4 hrs of parking. 2am-7am: $1.10 per ½ hr,Same as Saturday,,0700-1659: 2.2; 1700-0159: 2.2; 0200-0659: 2.2,,0700-0159: 2.4; 0200-0659: 2.2,,0700-0159: 2.4; 0200-0659: 2.2,END
FALSE,Merchant Square,1.28853,103.84361,8am-6pm: $2 for 1st ½ hr; $1 for sub. hr,Aft 6pm: $3 per entry,$3 per entry,$3 per entry,,0800-1759: 2; 1800-0759: 3,3,,3,,END
FALSE,Millenia Singapore,1.29517,103.85746,7am-6pm: $3.30 for 1st hr; $1.10 for sub.½ hr,Aft 6pm: $2.20 per entry,$2.20 for 1st 2hrs; $1.10 for sub. hr,Same as Saturday,,0700-1759: 3.3; 1800-0659: 2.2,2.2,,2.2,,END
FALSE,Millenia Walk (Basement Car Park),1.29212,103.85916,7am-6pm: $3.30 for 1st hr; $1.10 for sub.½ hr,Aft 6pm: $2.20 per entry,$2.20 for 1st 2hrs; $1.10 for sub. hr,Same as Saturday,,0700-1759: 3.3; 1800-0659: 2.2,2.2,,2.2,,END
FALSE,Millenia Walk (Surface parking @ L1),1.29212,103.85916,7am-6pm: $4.28 for 1st hr; $1.605 for sub. ½ hr,Aft 6pm: $4.28 for 1st 2hrs; $1.605 for sub. hr,$4.28 for 1st 2hrs; $1.605 for sub. hr,Same as Saturday,,0700-1759: 4.28; 1800-0659: 4.28,4.28,,4.28,,END
FALSE,Neil Road Off-Street,1.28944,103.84998,$1.00 per 30 mins (Per Minute Charging),$0.50 per 30 mins (Per Minute Charging),0700-1700:$1.00 per 30 mins; 1700-0700: $0.50 per 30 mins (Per Minute Charging),$0.50 per 30 mins (Per Minute Charging),2,,,0700-1700: 2; 1701-0659: 1,1,,END
FALSE,North Bridge Centre,1.29528,103.85321,8am-5pm: $1.30 per ½ hr,5pm-11pm: $3 per entry,$3 per entry,$3 per entry,,0800-1659: 2.6; 1700-2259: 3,3,,3,,END
FALSE,Novotel Clarke Quay,1.29206,103.844978,7am-5pm: $1.07 per hr,Aft 5pm: $3.21 per entry,7am-1pm: $1.07 per hr; Aft 1pm: $3.21 per entry,$3.21 per entry,,0700-1659: 1.07; 1700-0659: 3.21,,0700-1259: 1.07; 1300-0659: 3.21,3.21,,END
FALSE,OCBC centre,1.28532,103.84984,7am-6pm: $4 per hr,Aft 6pm: $3 per entry,$3 per entry,$3 per entry,,0700-1759: 4; 1800-0659: 3,3,,3,,END
FALSE,One Fullerton,1.28604,103.853592,7am-6pm: $2.50 per ½ hr,Aft 6pm: $5 per entry,$5 per entry,$5 per entry,,0700-1759: 5; 1800-0659: 5,5,,5,,END
FALSE,One Raffles Quay,1.28115,103.8523,6am-6pm: $1.07 per 10mins,Aft 6pm: $3.21 for 1st 4hrs; $0.27 per sub. 10 mins,$3.21 for 1st 4hrs; $0.27 per sub. 10 mins,Same as Saturday,,0600-1759: 6.42; 1800-0559: 3.21,3.21,,3.21,,END
FALSE,OUB Centre,1.28454,103.852028,7am-5pm : $2.62 per ½ hr,Aft 5pm: $3.21 per entry,Same as wkdays,Same as wkdays,,0700-1659: 5.24; 1700-0659: 3.21,,0700-1659: 5.24; 1700-0659: 3.21,,0700-1659: 5.24; 1700-0659: 3.21,END
FALSE,OUE Bayfront (Formerly Overseas Union House),1.28439,103.852882,7am-5.59pm: $0.86 per 10mins block,Aft 6pm: $3.21 per entry,7am-2.59pm: $0.86 per 10mins block. 3pm-11.59am $3.21 per entry,$3.21 per entry,,0700-1759: 5.16; 1800-0659: 3.21,,7am-2.59pm: $0.86 per 10mins block. 3pm-11.59am $3.21 per entry,3.21,,END
FALSE,Pan Pacific Hotel,1.29212,103.859161,Mon-Fri: 7am-5pm: $2.20 for 1st 2hrs; $1.10 per ½ hr for sub. ½ hr (Car Park at Marina Square),Mon-Fri: 5pm-2am: $2.20 per entry; 2am-7am: $1.10 per ½ hr,7am-2am :$2.40 for 1st 2 hrs; $1.20 per hr for sub. 2hrs; $1.20 per ½ hr for sub. ½ hr after 4 hrs of parking. 2am-7am: $1.10 per ½ hr,Same as Saturday,2.2,,2.2,,2.2,,END
FALSE,Parklane Shopping Mall,1.30201,103.850029,7am-7pm: $2.50 for 1st hr; $1.25 for sub. ½ hr,7pm-12am: $2.50 per entry. Aft 12am: $2.50 per entry,Same as wkdays,7am-12am: $3 per entry,,0700-1859: 2.5; 1900-2359: 2.5; 0000-0659: 2.5,,0700-1859: 2.5; 1900-2359: 2.5; 0000-0659: 2.5,,0700-2359: 3,END
FALSE,PARKROYAL on Beach Road,1.30203,103.862991,7am-5pm: Multi Storey Carpark - $2.50 for 1st hr; $1.50 for sub. ½ hr. Hotel Driveway - $6 for 1st hr; $2 for sub. ½ hr.,Aft 5pm: Multi Storey Carpark - $2.50 per entry. Hotel Driveway - $6 per entry.,Charges same as wkdays but $2.50 per entry (Multi-Storey Carpark) & $6 per entry (Hotel Driveway) after 1pm.,Multi-Storey Carpark - $2.50 per entry. Hotel Driveway - $6 per entry.,,0700-1659: 2.5; 1700-0659: 2.5,,0700-1259: 2.5; 1300-0659: 2.5 ,2.5,,END
FALSE,Pearl's Centre,1.28192,103.84101,8.30am-5pm: $1.20 per ½ hr (max $22.90),Aft 5pm: $2.50 per entry,Same as wkdays,$2.50 per entry,,0830-1659: 2.4; 1700-0829: 2.5,,0830-1659: 2.4; 1700-0829: 2.5,2.5,,END
FALSE,Peninsula Excelsior Hotel,1.29179,103.850952,8am-5pm: $2.60 for 1st hr; $1.50 for sub. ½ hr,Aft 5pm: $4 per entry,Same as wkdays,8am-5pm: $1.50 per hr; Aft 5pm: $4 per entry,,0800-1659: 2.6; 1700-0759: 4,,0800-1659: 2.6; 1700-0759: 4,,0800-1659: 1.5; 1700-0759: 4,END
FALSE,Peninsular Plaza,1.29266,103.85092,Season Parking Only,Season Parking Only,Season Parking Only,Season Parking Only,S,,S,,S,,END
FALSE,People's Park Centre,1.28728,103.84338,7am-5pm: $1.50 per ½ hr,Aft 5pm: $2.50 per entry,Same as wkdays,Same as wkdays,,0700-1659: 3; 1700-0659: 2.5,,0700-1659: 3; 1700-0659: 2.5,,0700-1659: 3; 1700-0659: 2.5,END
FALSE,PoMo (Fomerly Paradiz Centre),1.30201,103.85003,8am-5pm: $1.25 per ½ hr,Aft 5pm: $2.95 per entry,Same as wkdays,$2.95 per entry,,0800-1659: 2.5; 1700-0759: 2.95,,0800-1659: 2.5; 1700-0759: 2.95,2.95,,END
FALSE,PWC Building,1.282132,103.848923,8am-6pm: $2.20 per ½ hr,Aft 6pm: $3 per entry,$3 per entry,Closed,,0800-1759: 4.4; 1800-0759: 3,3,,C,,END
FALSE,Raffles City,1.29528,103.85321,8am-5.59pm: $2.20 for 1st hr; $0.55 for sub. 15mins,6pm-7.59am: $3 per entry,$2.20 for 1st 2hrs. $0.40 for sub. 15mins for 3rd and 4th hr. $0.60 for sub. 15mins for 5th hr onwards.,Same as Saturday,,0800-1759: 2.2; 1800-0759: 3,2.2,,2.2,,END
FALSE,Raffles Hotel,1.29616,103.856461,12am-6pm: $3 for 1st ½ hr; $1.50 for sub. ½ hr,6pm-12am: $6 per entry,Same as wkdays,$6 per entry,,0000-1759: 6; 1800-2359: 6,,0000-1759:6; 1800-2359: 6,6,,END
FALSE,Republic Plaza,1.28375,103.850906,7am-5pm: $3 per ½ hr,Aft 5pm: $3 per entry,Charges same as wkdays. but $3 per entry after 12pm,$3 per entry,,0700-1659: 6; 1700-0659: 3,,Charges same as wkdays. but $3 per entry after 12pm,3,,END
FALSE,Resorts World Sentosa,1.2539,103.820389,Mon-Thu: 7am-7pm: $7 for 1st hr; $1 for sub. ½ hr or part thereof. (Max: $28 per 24 hrs),Aft 7pm: $6 per entry,Fri/Sat-Sun/PH: 7am-7pm: $8 for 1st hr; $2 for sub. ½ hr or part thereof.  Aft 7pm: $8 per entry (Max: $28 per 24 hrs),Same as Saturday,,0700-1859: 7; 1900-0659: 6,,0700-1859: 8; 1900-0659: 8,,0700-1859: 8; 1900-0659: 8,END
FALSE,Robertson Walk,1.29155,103.84194,6am-6pm: $1.50 for 1st hr or part thereof; $0.50 for sub. ½ hr or part thereof.,Aft 6pm: $4 per entry,Same as wkdays,$4 per entry,,0500-1759: 1.5; 1800-0459: 4,,0500-1759: 1.5; 1800-0459: 4,4,,END
FALSE,Robinson 77 (Formerly SIA Building),1.27949,103.84919,7am-5pm: $2.4 per ½ hr,5pm-11pm: $2.4 per entry,Charges same as wkdays. but $2.4 per entry after 2pm,$2.4 per entry,,0700-1659: 4.8; 1700-2259: 2.4,,0700-1359: 4.8; 1400-2259: 2.4,2.4,,END
FALSE,Robinson Centre,1.27936,103.84962,8am-5pm: $2 per ½ hr,Aft 5pm: $3 per entry,Charges same as wkdays. but $2 per entry after 1pm,Same as Saturday,,0800-1659: 4; 1700-0759: 3,,0800-1259: 4; 1300-0759: 3,,0800-1259: 4; 1300-0759: 3,END
FALSE,School of the Arts- Singapore (SOTA),1.29909,103.84817,7.00am-5.59pm: $2.50 per hr,6pm-2am (the next day): $5 per entry. 2.01am-6.59am: $5 (additional flat fee for overnight parking),7am-5.59pm: $2.50 per hr. 6pm-2am (the next day): $5 per entry. 2.01am-6.59am: $5 (additional flat fee for overnight parking),Same as Saturday,,0700-1759: 2.5; 1800-0159: 5; 0200-0659: 10 ,,0700-1759: 2.5; 1800-0159: 5; 0200-0659: 10,,0700-1759: 2.5; 1800-0159: 5; 0200-0659: 10,END
FALSE,SGX Centre,1.27936,103.84962,7am-5pm: $2.50 per ½ hr,5pm-10pm: $3 per entry (The car park closed at 10pm daily),7am-10pm: $3 per entry,Same as Saturday,,0700-1659: 5; 1700-2200: 3,,0700-2200: 3,,0700-2200: 3,END
FALSE,Shenton House,1.27807,103.84938,8am-5.30pm: $3 per ½ hr,Aft 5.30pm: $3 per entry,Charges same as wkdays. but $3 per entry after 2pm,$3 per entry,,0800-1730: 6; 1731-0759: 3,,0800-1359: 6; 1400-0759: 3,3,,END
FALSE,Sim Lim Square,1.30349,103.855598,3:30am-6pm: $0.05 per min,Aft 6pm: $2 per entry (1st hr Free parking from 6pm-10pm daily inclusive of PH),Same as wkdays,Same as wkdays,,0330-1759: 3; 1800-0329: 2,,0330-1759: 3; 1800-0329: 2,,0330-1759: 3; 1800-0329: 2,END
FALSE,Sim Lim Tower,1.30578,103.85554,8am-6pm: $1.50 per ½ hr,Aft 6pm: $3 per entry,Same as wkdays,$3 per entry,,0800-1759: 3; 1800-0759: 3,,0800-1759: 3; 1800-0759: 3,3,,END
FALSE,Singapore General Hospital (Carpark C- E- G & I),1.28052,103.83587,7am-9.59pm: $0.036 per min/$2.16 per hr,10pm-6.59am: $2.14 per entry,Same as wkdays,7am-9.59pm: $0.018 per min/$1.08 per hr; Aft 10pm: $2.14 per entry,,0700-2159: 2.16; 2200-0659: 2.14,,0700-2159:2.16; 2200-0659: 2.14,,0700-2159: 1.08; 2200-0659: 2.14,END
FALSE,Singapore General Hospital (Multi-Storey Carpark H),1.28332,103.836014,7am-9.59pm: $0.018 per min/$1.08 per hr,10pm-6.59am: $2.14 per entry,Same as wkdays,$2.14 per entry,,0700-2159: 1.08; 2200-0659: 2.14,,0700-2159: 1.08; 2200-0659: 2.14,2.14,,END
FALSE,Singapore Land Tower,1.28454,103.85203,For Tenants only,-,-,-,T,,T,,T,,END
FALSE,Six Battery Road,1.28566,103.85114,7am-6pm: $3.10 per ½ hr,Aft 6pm: $3.70 per entry,Charges same as wkdays. but $3.70 per entry after 1pm,$3.70 per entry,,0700-1759: 6.2; 1800-0659: 3.7,,0700-1459: 6.2; 1300-0659: 3.7,3.7,,END
FALSE,Sunshine Plaza,1.30086,103.851929,7am-6pm: $1.07 per ½ hr,Aft 6pm: $3.21 per entry,Same as wkdays,Same as wkdays,,0700-1759: 2.14; 1800-0659: 3.21 ,,0700-1759: 2.14; 1800-0659: 3.21 ,,0700-1759: 2.14; 1800-0659: 3.21 ,END
FALSE,Suntec City,1.29303,103.860268,7am-5pm: $2.20 for 1st hr; $1.10 for sub. ½ hr (excluding PH),5pm-12am:$2.20 per entry; Aft 12am:$1.10 per hr,$1.10 per hr,Same as Saturday,,0700-1659: 2.2; 1700-2359: 2.2; 0000-0659: 1.1,1.1,,1.1,,END
FALSE,Swissotel Merchant Court Hotel,1.284,103.842567,Daily: $4.50 for 1st hr; $3 for sub. hr,-,-,-,4.5,,4.5,,4.5,,END
FALSE,Swissotel The Stamford Hotel,1.29453,103.853912,8am-5pm: $2 for 1st hr; $0.50 for sub. 15mins (Car park at Raffles City Shopping Centre),Aft 5pm: $2.50 per entry,$2 for 1st 2hrs; $0.30 for sub. 15mins,Same as Saturday,,0800-1659: 2; 1700-0759: 2.5,2,,2,,END
FALSE,Tanjong Katong Complex,1.31642,103.89534,HDB coupon parking,HDB coupon parking,HDB coupon parking,HDB coupon parking,H,,H,,H,,END
FALSE,The Adelphi,1.29179,103.85095,6am-5pm: $2.40 for 1st hr; $1.20 for sub. ½ hr,5pm-1am: $3.21 per entry,Same as wkdays,6am-1am: $3.21 per entry,,0600-1659: 2.4; 1700-0100: 3.21,,0600-1659: 2.4; 1700-0100: 3.21,,0600-0100: 3.21,END
FALSE,The Concourse,1.30203,103.86299,7am-5pm: $2.14 for 1st hr; $1.07 for sub. ½ hr,Aft 5pm: $2.14 per entry,Charges same as wkdays. but $1.07 per entry after 12pm,$1.07 per entry,,0700-1659: 2.14; 1700-0659: 2.14,,0700-1159: 2.14; 1200-0659: 2.14,1.07,,END
FALSE,The Corporate Office,1.27949,103.84919,7am-5pm: $4 per hr,Aft 5pm: $2.50 per entry,Same as wkdays,Closed,,0700-1659: 4; 1700-0659: 2.5,,0700-1659: 4; 1700-0659: 2.5,C,,END
FALSE,The Esplanade,1.29021,103.85951,6am-6pm: $2 per hr ($1.50 per ½ hr at Waterfront car park daily) 12pm-2pm $2 per entry,6pm-10pm: $6 per entry; Aft 10pm: $2 per entry,6am-6pm: $2 per hr ($1.50 per ½ hr at Waterfront car park daily),Same as Saturday,,0600-1759: 2; 1800-2159: 6; 2200-0559: 2,,0600-1800: 2,,0600-1800: 2,END
FALSE,UE Square,1.29101,103.84253,8am-5pm: $2.00 for 1st hr; $1 for sub. hr,Aft 5pm: $3 per entry,8am-1pm: $2.00 for 1st hr; $1 for sub. hr; Aft 11pm: $3 per entry,$3 per entry,,0800-1659: 2; 1700-0759: 3,,0800-1259: 2; 2300-0759: 3,3,,END
FALSE,UOB Plaza,1.28503,103.85067,7am-6pm: $2.50 per ½ hr,6pm-12am: $3.50 per entry. Aft 12am: $3.50 per entry,7am-12am: $3.50 per entry. Aft 12am $3.50 per entry,Same as Saturday,,0700-1759: 5; 1800-2359: 3.5; 0000-0659: 3.5,,0700-2359: 3.5; 0000-0659: 3.5,,0700-2359: 3.5; 0000-0659: 3.5,END
FALSE,Vivocity,1.26479,103.820824,7am-6pm: $1.20 for 1st hr; $0.60 for sub. ½ hr,6.01pm-4am: $3 per entry; Aft 4am: $2.50 per hr,7am-6pm: $1.40 for 1st hr; $0.70 for sub. ½ hr; 6.01pm-4am: $3.50 per entry; Aft 4am: $2.50 per hr,Same as Saturday,,0700-1800: 1.2; 1801-0400: 3; 4.01-0659: 2.5,,0700-1800: 1.4; 1801-0400: 3.5; 0401-0659: 2.5,,0700-1800: 1.4; 1801-0400: 3.5; 0401-0659: 2.5,END
FALSE,27 West Coast Highway,1.28099,103.78293,0000-0700: $0.75 / 30 mins (Capped at $4.28). 0700-2000: $0.75 / 30 mins (Capped at $4.28),-,-,-,,0000-2000: 1.5,,0000-2000: 1.5,,0000-2000: 1.5,END
FALSE,798 Upper Bukit Timah Road,1.37126,103.763443,0000-0700: $2.14 /30 mins. 0700-0000: $1.07 /30 mins.,-,-,-,,0000-0700: 4.24; 07010700-0000: 2.14,,0000-0700: 4.24; 07010700-0000: 2.14,,0000-0700: 4.24; 07010700-0000: 2.14,END
FALSE,Alexandra Retail Centre,1.27775,103.799767,7am to 6pm: $2/hr or part thereof.,6pm to 12mn: $2.40/entry; 12 mn to 7am: $2.40/hr or part thereof.,7am to 10am: $2/hr or part thereof; 10am to 12mn: $2.40/entry; 12 mn to 7am: $2.40/hr or part thereof.,7am to 12mn: $2.40/entry; 12 mn to 7am: $2.40/hr or part thereof.,,0700-1759: 2; 1800-2359: 2.4; 0000-0659: 2.4,,0700-0959: 2; 1000-2359: 2.4; 0000-0659: 2.4,,0700-2359: 2.4; 0000-0659: 2.4,END
FALSE,Anchorpoint Shopping Centre,1.28724,103.80255,8am-6.59pm: $1 for 1st ½ hr or part thereof; $2 for sub hr or part thereof.,7pm-7.59am: $2.50 per entry.,Same as wkdays,Same as wkdays,,0800-1859: 2; 1900-0759: 2.5,,0800-1859: 2; 1900-0759: 2.5,,0800-1859: 2; 1900-0759: 2.5,END
FALSE,Bukit Panjang Plaza,1.37923,103.76356,12am to 6pm :$1.07 for 1st hr. $0.32/min for sub.min.,6pm-12am: $2.14 per entry,12am to 6pm :$2.14 for 1st 2 hr. $0.32 for sub 15mins,Same as Saturday,,0000-1759: 1.07; 1800-2359: 2.14,,0000-1759: 2.14,,0000-1759: 2.14,END
FALSE,Bukit Timah Plaza (Multi-Storey Car Park),1.34185,103.777649,7.30am-5pm: $1.28 per hr,5pm-12am: $2.25 per entry. Aft 12am: $2.25 per entry,Same as wkdays,Same as wkdays,,0730-1659: 1.28; 1700-2359: 2.25; 0000-0729: 2.25,,0730-1659: 1.28; 1700-2359: 2.25; 0000-0729: 2.25,,0730-1659: 1.28; 1700-2359: 2.25; 0000-0729: 2.25,END
FALSE,Bukit Timah Shopping Centre,1.3416,103.77588,8am-5pm: $1.25 per hr,Aft 5pm: $2.10 per entry,Same as wkdays,Same as wkdays,,0800-1659: 1.25; 1700-0759: 2.1,,0800-1659: 1.25; 1700-0759: 2.1,,0800-1659: 1.25; 1700-0759: 2.1,END
FALSE,Coronation Shopping Plaza,1.32396,103.80952,Daily(7.01am-7am): $2 per hr.,-,-,-,2,,2,,2,,END
FALSE,Holland Road Shopping Centre,1.31102,103.79587,12am-8.59pm: $1.55 per ½ hr,Aft 9pm: $3.25 per entry,Same as wkdays,Same as wkdays,,0000-2059:  3.1; 2100-2359: 3.25,,0000-2059:  3.1; 2100-2359: 3.25,,0000-2059:  3.1; 2100-2359: 3.25,END
FALSE,IKEA (Alexandra),1.28976,103.80663,Daily :$0.05 per min. $1.50 per 30 Mins (subsequently charged on a per minute basis),-,-,-,3,,3,,3,,END
FALSE,IMM Building,1.33768,103.741837,Free for 1st 2hrs for first entry only. Chargeable after 2nd hr of 1st entry @ $1.07 /hr; $0.30 for sub. 15 mins.,-,-,-,F,,F,,F,,END
FALSE,JCube,1.3328,103.74012,3.30am-5.59pm: $1.30 for 1st hr; sub 15 mins or part thereof: $0.30. *Free 2 Hour Parking from 12 - 2pm daily (Monday - Friday) from now to 15 Oct 2015.,6pm-3.29am: $2.50 per entry,Same as wkdays,Same as wkdays,,0330-1759: 1.30; 1800-0329: 2.5,,0330-1759: 1.30; 1800-0329: 2.5,,0330-1759: 1.30; 1800-0329: 2.5,END
FALSE,Junction 10,1.38006,103.76432,$1.25 for 1st hr; $0.65 for sub. hr,-,Same as wkdays,Same as wkdays,1.25,,1.25,,1.25,,END
FALSE,Jurong Point Shopping Centre,1.339874,103.706467,7am-5pm: $1.07 for 1st 2hrs; $1.07 for sub. hr (Free parking from 12pm-2pm on Monday-Thursday),5pm-9pm: $2.14 for 1st 2hrs; $1.07 for sub. hr; Aft 9pm: $1.07 for 1st 3hrs; $1.07 for sub. hr,$2.14 for 1st 2hrs; $1.07 for sub. hr; Aft 9pm: $1.07 for 1st 3hrs; $1.07 for sub. hr,Same as Saturday,,0700-1659: 1.07; 1700-2059: 2.14; 2100-0659: 1.07,2.14,,2.14,,END
FALSE,Jurong Theatre,1.33418,103.72163,8am-8.59pm: $1.60 per hr,Aft 9pm: $3 per entry,Same as wkdays,$3 per entry,,0800-2059: 1.60; 2100-0759: 3,,0800-2059: 1.60; 2100-0759: 3,3,,END
FALSE,Lot 1 Shopping Centre,1.38166,103.740318,12am-5.59pm: $1.07 for 1st hr; $0.32 for sub. 15 mins.,Mon-Thurs. 6pm-11.59pm: $2.14 per entry. Fri & Eve of PH. 6pm-2.59am: $2.14 per entry.,3am-5.59pm: $2.14 for 1st 2-hrs; $0.32 for sub. 15 mins. 6pm-2.59am: $2.14 per entry.,3am-5.59pm: $2.14 for 1st 2-hrs; $0.32 for sub. 15 mins. 6pm-11.59am: $2.14 per entry.,,0000-1759: 1.07; 1800-2359: 2.14,,0300-1759: 2.14; 1800-0259: 2.14,,0300-1759: 2.14;,END
FALSE,NUH,1.29469,103.778648,Daily: $0.03 per min,-,-,-,1.8,,1.8,,1.8,,END
FALSE,Queensway Shopping Centre,1.29508,103.799942,8am-6pm: $2 for 1st 1½hr; $1.20 for sub. ½ hr,Aft 6pm: $2.30 per entry,8am-6pm: $1.50 for 1st 1hr; $1.20 for sub. ½ hr; Aft 6pm: $2.30 per entry,Same as wkdays,,0800-1759: 2; 1800-0759: 2.3,,0800-1759: 1.5; 1800-0759: 2.3,,0800-1759: 2; 1800-0759: 2.3,END
FALSE,Savoy Theatre,1.3471,103.71324,8am-5pm: $1.20 per hr,Aft 5pm: $3.00 per entry,Same as wkdays,$3.00 per entry,,0800-1659: 1.2; 1700-0759: 3,,0800-1659: 1.2; 1700-0759: 3,3,,END
FALSE,Serene Centre,1.32188,103.81367,8am-10pm: $1.53 for 1st hr; $1.53 for sub. ½ hr,Aft 10pm: $1.53 per entry,Same as wkdays,Same as wkdays,,0800-2159: 1.53; 2200-0759: 1.53,,0800-2159: 1.53; 2200-0759: 1.53,,0800-2159: 1.53; 2200-0759: 1.53,END
FALSE,Sunshine Place,1.38062,103.74281,HDB coupon parking,HDB coupon parking,HDB coupon parking,HDB coupon parking,H,,H,,H,,END
FALSE,The Clementi Mall,1.31823,103.76371,Daily: $1.50 for 1st hr; $0.80 for sub. ½ hr,-,-,-,1.5,,1.5,,1.5,,END
FALSE,The Metropolis,1.30486,103.79126,6am-6pm: $2.50 for 1st hr. sub $1.25 per 1/2 hr,Time period 1: 6pm-12am: $2.50 per entry; Time period 2: 12am-6am: $2.50 per entry,6am - 6pm: $1.00 per hour or part thereof; Aft 6pm same as wkdays,6am - 6pm: $1.00 per hour or part thereof; Aft 6pm same as wkdays,,0600-1759: 2.5; 1800-2359: 2.5; 0000-0559: 2.5,,0600-1759: 1; 1800-2359: 2.5; 0000-0559: 2.5,,0600-1759: 1; 1800-2359: 2.5; 0000-0559: 2.5,END
FALSE,The Star Vista,1.30645,103.776207,12am-11.59pm:$1.30 for 1st hr. $0.65 for sub. 30 mins or part thereof.,$1.30 for 1st hr. $0.65 for sub. 30 mins or part thereof.,Sat & PH: Same as wkdays,Sun:12am-11.59pm: $2.14 for 1st hr. $1.07 for sub. 30 mins or part thereof.,1.3,,1.3,,2.14,,END
FALSE,Tiong Bahru Plaza,1.28668,103.82798,$1.50 for 1st hr; $0.80 for sub. ½ hr,$1.50 for 1st hr; $0.80 for sub. ½ hr,Same as wkdays,7am-6pm:$1.50 per hr; Aft 6pm: $3.60 per entry,1.5,,1.5,,,0700-1759: 1.5; 1800-0659: 3.6,END
FALSE,Turf City,1.33711,103.79441,Daily: Free parking,-,-,-,F,,F,,F,,END
FALSE,Valley Point,1.29432,103.82798,Daily: $1.50 for 1st hr; $0.80 for sub. ½ hr,-,-,-,1.5,,1.5,,1.5,,END
FALSE,West Coast Plaza (Ginza Plaza),1.30673,103.760094,$1.25 for 1st hr; $1.00 for sub. ½ hr,$1.25 for 1st hr; $1.00 for sub. ½ hr,$1.50 for 1st hr; $1.00 for sub. ½ hr,Same as Saturday,1.25,,1.5,,1.5,,END
FALSE,West Mall,1.35012,103.748779,6am-5pm : $1.10 for 1st 2hrs or part thereof; $0.60 for sub. ½ hr or part thereof.,5pm-6am: $2.50 per entry.,6am-5pm: $1.10 for 1st hr or part thereof; $0.60 for sub. ½ hr or part thereof; 5pm-6am: $2.50 per entry.,6am-6am next day: $2.50 per entry.,,0600-1659: 1.1; 1700-0559: 2.5,,0600-1659: 1.1; 1700-0559: 2.5,2.5,,END
FALSE,Westgate,1.33548,103.74192,Daily: $1.30 for 1st hr; $0.50 for sub. 15 mins,6pm - 11.59pm: $2.50 per entry,Same as wkdays,Same as wkdays,1.3,,1.3,,1.3,,END
FALSE,Yew Tee Point,1.38511,103.745003,Daily: $1.18 for 1st hr; $0.64 for sub. ½ hr or part thereof.,-,-,-,1.18,,1.18,,1.18,,END
FALSE,School of Design & Environment (Carpark 1),1.29719,103.77973,0830 to 1930: $0.0214 per minute,,0830 to 1700: $0.0214 per minute,Parking is free on Sundays and Public Holidays at all car parks,,0830-1930: 1.28; 1931-0829: C,,0830-1700: 1.28; 1701-0829: C,F,,END
FALSE,Faculty of Engineering (Carpark 2),1.30048,103.77158,0830 to 1930: $0.0214 per minute,,0830 to 1700: $0.0214 per minute,Parking is free on Sundays and Public Holidays at all car parks,,0830-1930: 1.28; 1931-0829: C,,0830-1700: 1.28; 1701-0829: C,F,,END
FALSE,In front of Block E3A (Carpark 2A),1.30048,103.77158,0830 to 1930: $0.0214 per minute,,0830 to 1700: $0.0214 per minute,Parking is free on Sundays and Public Holidays at all car parks,,0830-1930: 1.28; 1931-0829: C,,0830-1700: 1.28; 1701-0829: C,F,,END
FALSE,Beside Block EA (Carpark 2B),1.30048,103.771584,0830 to 1930: $0.0214 per minute,,0830 to 1700: $0.0214 per minute,Parking is free on Sundays and Public Holidays at all car parks,,0830-1930: 1.28; 1931-0829: C,,0830-1700: 1.28; 1701-0829: C,F,,END
FALSE,UCC/YST Conservatory of Music (Carpark 3),1.302,103.77319,0830 to 1800: $0.0214 per minute (capped at $2.568 per exit per day); 1801 to 1930: $0.0214 per minute,,0830 to 1700: $0.0214 per minute,Parking is free on Sundays and Public Holidays at all car parks,,0830-1930: 1.28; 1931-0829: C,,0830-1700: 1.28; 1701-0829: C,F,,END
FALSE,Lee Kong Chian Natural History Museum (Carpark 3A),1.302,103.77319,0830 to 1800: $0.0214 per minute (capped at $2.568 per exit per day); 1801 to 1930: $0.0214 per minute,,0830 to 1700: $0.0214 per minute,Parking is free on Sundays and Public Holidays at all car parks,,0830-1930: 1.28; 1931-0829: C,,0830-1700: 1.28; 1701-0829: C,F,,END
FALSE,Raffles Hall/CFA (Carpark 4/4A),1.29797,103.77319,0830 to 1930: $0.0214 per minute,,0830 to 1700: $0.0214 per minute,Parking is free on Sundays and Public Holidays at all car parks,,0830-1930: 1.28; 1931-0829: C,,0830-1700: 1.28; 1701-0829: C,F,,END
FALSE,Sports & Recreation Centre (Carpark 5),1.30024,103.77483,0830 to 1930: $0.0214 per minute,,0830 to 1700: $0.0214 per minute,Parking is free on Sundays and Public Holidays at all car parks,,0830-1930: 1.28; 1931-0829: C,,0830-1700: 1.28; 1701-0829: C,F,,END
FALSE,University Hall (Carpark 6B),1.29719,103.779732,0830 to 1930: $0.0214 per minute,,0830 to 1700: $0.0214 per minute,Parking is free on Sundays and Public Holidays at all car parks,,0830-1930: 1.28; 1931-0829: C,,0830-1700: 1.28; 1701-0829: C,F,,END
FALSE,Block S17 (Carpark 10),1.29719,103.77973,0830 to 1930: $0.035 per minute,,0830 to 1700: $0.035 per minute,Parking is free on Sundays and Public Holidays at all car parks,,0830-1930: 2.1; 1931-0829: C,,0830-1700: 2.1; 1701-0829: C,F,,END
FALSE,CRISPS (Carpark 10A),1.29719,103.779732,0830 to 1930: $0.0214 per minute,,0830 to 1700: $0.0214 per minute,Parking is free on Sundays and Public Holidays at all car parks,,0830-1930: 1.28; 1931-0829: C,,0830-1700: 1.28; 1701-0829: C,F,,END
FALSE,PGP Residences (Carpark 10B),1.29719,103.779732,0830 to 1800: $0.0214 per minute (capped at $2.568 per exit per day); 1801 to 1930: $0.0214 per minute,,0830 to 1700: $0.0214 per minute,Parking is free on Sundays and Public Holidays at all car parks,,0830-1930: 1.28; 1931-0829: C,,0830-1700: 1.28; 1701-0829: C,F,,END
FALSE,In front of IMRE and SSLS (Carpark 11),1.29421,103.77737,0830 to 1930: $0.0214 per minute,,0830 to 1700: $0.0214 per minute,Parking is free on Sundays and Public Holidays at all car parks,,0830-1930: 1.28; 1931-0829: C,,0830-1700: 1.28; 1701-0829: C,F,,END
FALSE,BIZ 2 (Carpark 11A),1.29421,103.77737,0830 to 1930: $0.0214 per minute,,0830 to 1700: $0.0214 per minute,Parking is free on Sundays and Public Holidays at all car parks,,0830-1930: 1.28; 1931-0829: C,,0830-1700: 1.28; 1701-0829: C,F,,END
FALSE,Institute of Systems Science (Carpark 12A),1.29127,103.776222,0830 to 1800: $0.0214 per minute (capped at $2.568 per exit per day); 1801 to 1930: $0.0214 per minute,,0830 to 1700: $0.0214 per minute,Parking is free on Sundays and Public Holidays at all car parks,,0830-1930: 1.28; 1931-0829: C,,0830-1700: 1.28; 1701-0829: C,F,,END
FALSE,I3 (Carpark 12B),1.29127,103.77622,0830 to 1930: $0.0214 per minute,,0830 to 1700: $0.0214 per minute,Parking is free on Sundays and Public Holidays at all car parks,,0830-1930: 1.28; 1931-0829: C,,0830-1700: 1.28; 1701-0829: C,F,,END
FALSE,In front of Temasek & Eusoff Halls (Carpark 15),1.29345,103.77204,0830 to 1930: $0.0214 per minute,,0830 to 1700: $0.0214 per minute,Parking is free on Sundays and Public Holidays at all car parks,,0830-1930: 1.28; 1931-0829: C,,0830-1700: 1.28; 1701-0829: C,F,,END
FALSE,Lecture Theatre 11 (Carpark 16),1.29345,103.772041,0830 to 1930: $0.0214 per minute,,0830 to 1700: $0.0214 per minute,Parking is free on Sundays and Public Holidays at all car parks,,0830-1930: 1.28; 1931-0829: C,,0830-1700: 1.28; 1701-0829: C,F,,END
FALSE,Stephen Riady Centre ,1.30669,103.77169,0830 to 1930: $0.0214 per minute,,0830 to 1700: $0.0214 per minute,Parking is free on Sundays and Public Holidays at all car parks,,0830-1930: 1.28; 1931-0829: C,,0830-1700: 1.28; 1701-0829: C,F,,END
